,time_interval,max_deltas,min_deltas,ratio_of_deltas_A,ratio_of_deltas_B,ratio_of_deltas_C,ratio_of_deltas_D,ratio_of_deltas_E,max_time_interval,min_time_interval,interval_length
0,"[6065.0, 11535.0, 4168.0, 1712.0]","[11535.0, 6065.0, 4168.0, 1712.0]","[1712.0, 4168.0, 6065.0, 11535.0]",0.0,0.0,0.0,0.0,0.00040720757406087753,11535.0,1712.0,9823.0
1,"[11535.0, 4168.0, 1712.0, 3217.0]","[11535.0, 4168.0, 3217.0, 1712.0]","[1712.0, 3217.0, 4168.0, 11535.0]",0.0,0.0,0.0,0.0,0.00040720757406087753,11535.0,1712.0,9823.0
2,"[4168.0, 1712.0, 3217.0, 617.0]","[4168.0, 3217.0, 1712.0, 617.0]","[617.0, 1712.0, 3217.0, 4168.0]",0.0,0.0,0.0,0.0,0.001126443255421008,4168.0,617.0,3551.0
3,"[1712.0, 3217.0, 617.0, 534.0]","[3217.0, 1712.0, 617.0, 534.0]","[534.0, 617.0, 1712.0, 3217.0]",0.0,0.0,0.0,0.0,0.0014908684308609765,3217.0,534.0,2683.0
4,"[3217.0, 617.0, 534.0, 130.0]","[3217.0, 617.0, 534.0, 130.0]","[130.0, 534.0, 617.0, 3217.0]",0.0,0.0,0.0,0.0,0.0012957563977972141,3217.0,130.0,3087.0
5,"[617.0, 534.0, 130.0, 1428.0]","[1428.0, 617.0, 534.0, 130.0]","[130.0, 534.0, 617.0, 1428.0]",0.0,0.0,0.0,0.0,0.0030816640986132513,1428.0,130.0,1298.0
6,"[534.0, 130.0, 1428.0, 830.0]","[1428.0, 830.0, 534.0, 130.0]","[130.0, 534.0, 830.0, 1428.0]",0.0,0.0,0.0,0.0,0.0030816640986132513,1428.0,130.0,1298.0
7,"[130.0, 1428.0, 830.0, 1089.0]","[1428.0, 1089.0, 830.0, 130.0]","[130.0, 830.0, 1089.0, 1428.0]",0.0,0.0,0.0,0.0,0.0030816640986132513,1428.0,130.0,1298.0
8,"[1428.0, 830.0, 1089.0, 54934.0]","[54934.0, 1428.0, 1089.0, 830.0]","[830.0, 1089.0, 1428.0, 54934.0]",0.0,0.0,0.0,0.0,7.39316871211001e-05,54934.0,830.0,54104.0
9,"[830.0, 1089.0, 54934.0, 849.0]","[54934.0, 1089.0, 849.0, 830.0]","[830.0, 849.0, 1089.0, 54934.0]",0.0,0.0,0.0,0.0,7.39316871211001e-05,54934.0,830.0,54104.0
10,"[1089.0, 54934.0, 849.0, 69.0]","[54934.0, 1089.0, 849.0, 69.0]","[69.0, 849.0, 1089.0, 54934.0]",0.0,0.0,0.0,0.0,5.467966827667912e-05,54934.0,69.0,54865.0
11,"[54934.0, 849.0, 69.0, 124.00000000000001]","[54934.0, 849.0, 124.00000000000001, 69.0]","[69.0, 124.00000000000001, 849.0, 54934.0]",0.0,0.0,0.0,0.0,5.467966827667912e-05,54934.0,69.0,54865.0
12,"[849.0, 69.0, 124.00000000000001, 1611.0]","[1611.0, 849.0, 124.00000000000001, 69.0]","[69.0, 124.00000000000001, 849.0, 1611.0]",0.0,0.0,0.0,0.0,0.0019455252918287938,1611.0,69.0,1542.0
13,"[69.0, 124.00000000000001, 1611.0, 1669.0]","[1669.0, 1611.0, 124.00000000000001, 69.0]","[69.0, 124.00000000000001, 1611.0, 1669.0]",0.0,0.0,0.0,0.0,0.001875,1669.0,69.0,1600.0
14,"[124.00000000000001, 1611.0, 1669.0, 1536.0]","[1669.0, 1611.0, 1536.0, 124.00000000000001]","[124.00000000000001, 1536.0, 1611.0, 1669.0]",0.0,0.0,0.0,0.0,0.0025889967637540453,1669.0,124.00000000000001,1545.0
15,"[1611.0, 1669.0, 1536.0, 1378.0]","[1669.0, 1611.0, 1536.0, 1378.0]","[1378.0, 1536.0, 1611.0, 1669.0]",0.0,0.0,0.0,0.0,0.013745704467353952,1669.0,1378.0,291.0
16,"[1669.0, 1536.0, 1378.0, 5041.0]","[5041.0, 1669.0, 1536.0, 1378.0]","[1378.0, 1536.0, 1669.0, 5041.0]",0.0,0.0,0.0,0.0,0.001092001092001092,5041.0,1378.0,3663.0
17,"[1536.0, 1378.0, 5041.0, 578.0]","[5041.0, 1536.0, 1378.0, 578.0]","[578.0, 1378.0, 1536.0, 5041.0]",0.0,0.0,0.0,0.0,0.0008962581223392337,5041.0,578.0,4463.0
18,"[1378.0, 5041.0, 578.0, 1230.0]","[5041.0, 1378.0, 1230.0, 578.0]","[578.0, 1230.0, 1378.0, 5041.0]",0.0,0.0,0.0,0.0,0.0008962581223392337,5041.0,578.0,4463.0
19,"[5041.0, 578.0, 1230.0, 1339.0]","[5041.0, 1339.0, 1230.0, 578.0]","[578.0, 1230.0, 1339.0, 5041.0]",0.0,0.0,0.0,0.0,0.0008962581223392337,5041.0,578.0,4463.0
20,"[578.0, 1230.0, 1339.0, 5918.0]","[5918.0, 1339.0, 1230.0, 578.0]","[578.0, 1230.0, 1339.0, 5918.0]",0.0,0.0,0.0,0.0,0.000749063670411985,5918.0,578.0,5340.0
21,"[1230.0, 1339.0, 5918.0, 572.0]","[5918.0, 1339.0, 1230.0, 572.0]","[572.0, 1230.0, 1339.0, 5918.0]",0.0,0.0,0.0,0.0,0.0007482229704451926,5918.0,572.0,5346.0
22,"[1339.0, 5918.0, 572.0, 6894.0]","[6894.0, 5918.0, 1339.0, 572.0]","[572.0, 1339.0, 5918.0, 6894.0]",0.0,0.0,0.0,0.0,0.0006327111673521037,6894.0,572.0,6322.0
23,"[5918.0, 572.0, 6894.0, 1074.0]","[6894.0, 5918.0, 1074.0, 572.0]","[572.0, 1074.0, 5918.0, 6894.0]",0.0,0.0,0.0,0.0,0.0006327111673521037,6894.0,572.0,6322.0
24,"[572.0, 6894.0, 1074.0, 2121.0]","[6894.0, 2121.0, 1074.0, 572.0]","[572.0, 1074.0, 2121.0, 6894.0]",0.0,0.0,0.0,0.0,0.0006327111673521037,6894.0,572.0,6322.0
25,"[6894.0, 1074.0, 2121.0, 1184.0]","[6894.0, 2121.0, 1184.0, 1074.0]","[1074.0, 1184.0, 2121.0, 6894.0]",0.0,0.0,0.0,0.0,0.0006872852233676976,6894.0,1074.0,5820.0
26,"[1074.0, 2121.0, 1184.0, 1435.0]","[2121.0, 1435.0, 1184.0, 1074.0]","[1074.0, 1184.0, 1435.0, 2121.0]",0.0,0.0,0.0,0.0,0.0038204393505253103,2121.0,1074.0,1047.0
27,"[2121.0, 1184.0, 1435.0, 107.0]","[2121.0, 1435.0, 1184.0, 107.0]","[107.0, 1184.0, 1435.0, 2121.0]",0.0,0.0,0.0,0.0,0.0019860973187686196,2121.0,107.0,2014.0
28,"[1184.0, 1435.0, 107.0, 53066.0]","[53066.0, 1435.0, 1184.0, 107.0]","[107.0, 1184.0, 1435.0, 53066.0]",0.0,0.0,0.0,0.0,7.553012707943881e-05,53066.0,107.0,52959.0
29,"[1435.0, 107.0, 53066.0, 4385.0]","[53066.0, 4385.0, 1435.0, 107.0]","[107.0, 1435.0, 4385.0, 53066.0]",0.0,0.0,0.0,0.0,7.553012707943881e-05,53066.0,107.0,52959.0
30,"[107.0, 53066.0, 4385.0, 556.0]","[53066.0, 4385.0, 556.0, 107.0]","[107.0, 556.0, 4385.0, 53066.0]",0.0,0.0,0.0,0.0,7.553012707943881e-05,53066.0,107.0,52959.0
31,"[53066.0, 4385.0, 556.0, 1946.0000000000002]","[53066.0, 4385.0, 1946.0000000000002, 556.0]","[556.0, 1946.0000000000002, 4385.0, 53066.0]",0.0,0.0,0.0,0.0,7.617596648257475e-05,53066.0,556.0,52510.0
32,"[4385.0, 556.0, 1946.0000000000002, 3765.0000000000005]","[4385.0, 3765.0000000000005, 1946.0000000000002, 556.0]","[556.0, 1946.0000000000002, 3765.0000000000005, 4385.0]",0.0,0.0,0.0,0.0,0.0010446591799425438,4385.0,556.0,3829.0
33,"[556.0, 1946.0000000000002, 3765.0000000000005, 3875.0000000000005]","[3875.0000000000005, 3765.0000000000005, 1946.0000000000002, 556.0]","[556.0, 1946.0000000000002, 3765.0000000000005, 3875.0000000000005]",0.0,0.0,0.0,0.0,0.0012051822838204276,3875.0000000000005,556.0,3319.0000000000005
34,"[1946.0000000000002, 3765.0000000000005, 3875.0000000000005, 10493.0]","[10493.0, 3875.0000000000005, 3765.0000000000005, 1946.0000000000002]","[1946.0000000000002, 3765.0000000000005, 3875.0000000000005, 10493.0]",0.0,0.0,0.0,0.0,0.000468000468000468,10493.0,1946.0000000000002,8547.0
35,"[3765.0000000000005, 3875.0000000000005, 10493.0, 2224.0]","[10493.0, 3875.0000000000005, 3765.0000000000005, 2224.0]","[2224.0, 3765.0000000000005, 3875.0000000000005, 10493.0]",0.0,0.0,0.0,0.0,0.0004837344297980409,10493.0,2224.0,8269.0
36,"[3875.0000000000005, 10493.0, 2224.0, 1967.0000000000002]","[10493.0, 3875.0000000000005, 2224.0, 1967.0000000000002]","[1967.0000000000002, 2224.0, 3875.0000000000005, 10493.0]",0.0,0.0,0.0,0.0,0.0004691531785127844,10493.0,1967.0000000000002,8526.0
37,"[10493.0, 2224.0, 1967.0000000000002, 3358.0]","[10493.0, 3358.0, 2224.0, 1967.0000000000002]","[1967.0000000000002, 2224.0, 3358.0, 10493.0]",0.0,0.0,0.0,0.0,0.0004691531785127844,10493.0,1967.0000000000002,8526.0
38,"[2224.0, 1967.0000000000002, 3358.0, 1142.0]","[3358.0, 2224.0, 1967.0000000000002, 1142.0]","[1142.0, 1967.0000000000002, 2224.0, 3358.0]",0.0,0.0,0.0,0.0,0.0018050541516245488,3358.0,1142.0,2216.0
39,"[1967.0000000000002, 3358.0, 1142.0, 47551.0]","[47551.0, 3358.0, 1967.0000000000002, 1142.0]","[1142.0, 1967.0000000000002, 3358.0, 47551.0]",0.0,0.0,0.0,0.0,8.619017862914521e-05,47551.0,1142.0,46409.0
40,"[3358.0, 1142.0, 47551.0, 1601.0]","[47551.0, 3358.0, 1601.0, 1142.0]","[1142.0, 1601.0, 3358.0, 47551.0]",0.0,0.0,0.0,0.0,8.619017862914521e-05,47551.0,1142.0,46409.0
41,"[1142.0, 47551.0, 1601.0, 4106.0]","[47551.0, 4106.0, 1601.0, 1142.0]","[1142.0, 1601.0, 4106.0, 47551.0]",0.0,0.0,0.0,0.0,8.619017862914521e-05,47551.0,1142.0,46409.0
42,"[47551.0, 1601.0, 4106.0, 1170.0]","[47551.0, 4106.0, 1601.0, 1170.0]","[1170.0, 1601.0, 4106.0, 47551.0]",0.0,0.0,0.0,0.0,8.624221125029646e-05,47551.0,1170.0,46381.0
43,"[1601.0, 4106.0, 1170.0, 1351.0]","[4106.0, 1601.0, 1351.0, 1170.0]","[1170.0, 1351.0, 1601.0, 4106.0]",0.0,0.0,0.0,0.0,0.0013623978201634877,4106.0,1170.0,2936.0
44,"[4106.0, 1170.0, 1351.0, 4829.0]","[4829.0, 4106.0, 1351.0, 1170.0]","[1170.0, 1351.0, 4106.0, 4829.0]",0.0,0.0,0.0,0.0,0.0010931948619841486,4829.0,1170.0,3659.0
45,"[1170.0, 1351.0, 4829.0, 4195.0]","[4829.0, 4195.0, 1351.0, 1170.0]","[1170.0, 1351.0, 4195.0, 4829.0]",0.0,0.0,0.0,0.0,0.0010931948619841486,4829.0,1170.0,3659.0
46,"[1351.0, 4829.0, 4195.0, 5175.0]","[5175.0, 4829.0, 4195.0, 1351.0]","[1351.0, 4195.0, 4829.0, 5175.0]",0.0,0.0,0.0,0.0,0.0010460251046025104,5175.0,1351.0,3824.0
47,"[4829.0, 4195.0, 5175.0, 1291.0]","[5175.0, 4829.0, 4195.0, 1291.0]","[1291.0, 4195.0, 4829.0, 5175.0]",0.0,0.0,0.0,0.0,0.0010298661174047373,5175.0,1291.0,3884.0
48,"[4195.0, 5175.0, 1291.0, 5725.0]","[5725.0, 5175.0, 4195.0, 1291.0]","[1291.0, 4195.0, 5175.0, 5725.0]",0.0,0.0,0.0,0.0,0.0009021199819576004,5725.0,1291.0,4434.0
49,"[5175.0, 1291.0, 5725.0, 64.0]","[5725.0, 5175.0, 1291.0, 64.0]","[64.0, 1291.0, 5175.0, 5725.0]",0.0,0.0,0.0,0.0,0.0005299417064122947,5725.0,64.0,5661.0
50,"[1291.0, 5725.0, 64.0, 92.0]","[5725.0, 1291.0, 92.0, 64.0]","[64.0, 92.0, 1291.0, 5725.0]",0.0,0.0,0.0,0.0,0.0003532944709415298,5725.0,64.0,5661.0
51,"[5725.0, 64.0, 92.0, 2799.0]","[5725.0, 2799.0, 92.0, 64.0]","[64.0, 92.0, 2799.0, 5725.0]",0.0,0.0,0.0,0.0,0.0003532944709415298,5725.0,64.0,5661.0
52,"[64.0, 92.0, 2799.0, 2866.0]","[2866.0, 2799.0, 92.0, 64.0]","[64.0, 92.0, 2799.0, 2866.0]",0.0,0.0,0.0,0.0,0.0007137758743754461,2866.0,64.0,2802.0
53,"[92.0, 2799.0, 2866.0, 52350.0]","[52350.0, 2866.0, 2799.0, 92.0]","[92.0, 2799.0, 2866.0, 52350.0]",0.0,0.0,0.0,0.0,5.740747828083738e-05,52350.0,92.0,52258.0
54,"[2799.0, 2866.0, 52350.0, 107.0]","[52350.0, 2866.0, 2799.0, 107.0]","[107.0, 2799.0, 2866.0, 52350.0]",0.0,0.0,0.0,0.0,7.656528147311601e-05,52350.0,107.0,52243.0
55,"[2866.0, 52350.0, 107.0, 8457.0]","[52350.0, 8457.0, 2866.0, 107.0]","[107.0, 2866.0, 8457.0, 52350.0]",0.0,0.0,0.0,0.0,7.656528147311601e-05,52350.0,107.0,52243.0
56,"[52350.0, 107.0, 8457.0, 3505.0]","[52350.0, 8457.0, 3505.0, 107.0]","[107.0, 3505.0, 8457.0, 52350.0]",0.0,0.0,0.0,0.0,7.656528147311601e-05,52350.0,107.0,52243.0
57,"[107.0, 8457.0, 3505.0, 445.0]","[8457.0, 3505.0, 445.0, 107.0]","[107.0, 445.0, 3505.0, 8457.0]",0.0,0.0,0.0,0.0,0.00047904191616766467,8457.0,107.0,8350.0
58,"[8457.0, 3505.0, 445.0, 1133.0]","[8457.0, 3505.0, 1133.0, 445.0]","[445.0, 1133.0, 3505.0, 8457.0]",0.0,0.0,0.0,0.0,0.0004992511233150275,8457.0,445.0,8012.0
59,"[3505.0, 445.0, 1133.0, 1680.0]","[3505.0, 1680.0, 1133.0, 445.0]","[445.0, 1133.0, 1680.0, 3505.0]",0.0,0.0,0.0,0.0,0.00130718954248366,3505.0,445.0,3060.0
60,"[445.0, 1133.0, 1680.0, 9290.0]","[9290.0, 1680.0, 1133.0, 445.0]","[445.0, 1133.0, 1680.0, 9290.0]",0.0,0.0,0.0,0.0,0.0004522328999434709,9290.0,445.0,8845.0
61,"[1133.0, 1680.0, 9290.0, 551.0]","[9290.0, 1680.0, 1133.0, 551.0]","[551.0, 1133.0, 1680.0, 9290.0]",0.0,0.0,0.0,0.0,0.0004577182744021055,9290.0,551.0,8739.0
62,"[1680.0, 9290.0, 551.0, 1300.0]","[9290.0, 1680.0, 1300.0, 551.0]","[551.0, 1300.0, 1680.0, 9290.0]",0.0,0.0,0.0,0.0,0.0004577182744021055,9290.0,551.0,8739.0
63,"[9290.0, 551.0, 1300.0, 606.0]","[9290.0, 1300.0, 606.0, 551.0]","[551.0, 606.0, 1300.0, 9290.0]",0.0,0.0,0.0,0.0,0.0004577182744021055,9290.0,551.0,8739.0
64,"[551.0, 1300.0, 606.0, 379.0]","[1300.0, 606.0, 551.0, 379.0]","[379.0, 551.0, 606.0, 1300.0]",0.0,0.0,0.0,0.0,0.004343105320304018,1300.0,379.0,921.0
65,"[1300.0, 606.0, 379.0, 347.0]","[1300.0, 606.0, 379.0, 347.0]","[347.0, 379.0, 606.0, 1300.0]",0.0,0.0,0.0,0.0,0.004197271773347324,1300.0,347.0,953.0
66,"[606.0, 379.0, 347.0, 2103.0]","[2103.0, 606.0, 379.0, 347.0]","[347.0, 379.0, 606.0, 2103.0]",0.0,0.0,0.0,0.0,0.002277904328018223,2103.0,347.0,1756.0
67,"[379.0, 347.0, 2103.0, 5198.0]","[5198.0, 2103.0, 379.0, 347.0]","[347.0, 379.0, 2103.0, 5198.0]",0.0,0.0,0.0,0.0,0.0008245722531436817,5198.0,347.0,4851.0
68,"[347.0, 2103.0, 5198.0, 1930.0000000000002]","[5198.0, 2103.0, 1930.0000000000002, 347.0]","[347.0, 1930.0000000000002, 2103.0, 5198.0]",0.0,0.0,0.0,0.0,0.0008245722531436817,5198.0,347.0,4851.0
69,"[2103.0, 5198.0, 1930.0000000000002, 391.0]","[5198.0, 2103.0, 1930.0000000000002, 391.0]","[391.0, 1930.0000000000002, 2103.0, 5198.0]",0.0,0.0,0.0,0.0,0.0008321198252548367,5198.0,391.0,4807.0
70,"[5198.0, 1930.0000000000002, 391.0, 47737.0]","[47737.0, 5198.0, 1930.0000000000002, 391.0]","[391.0, 1930.0000000000002, 5198.0, 47737.0]",0.0,0.0,0.0,0.0,8.448443374308283e-05,47737.0,391.0,47346.0
71,"[1930.0000000000002, 391.0, 47737.0, 1906.0000000000002]","[47737.0, 1930.0000000000002, 1906.0000000000002, 391.0]","[391.0, 1906.0000000000002, 1930.0000000000002, 47737.0]",0.0,0.0,0.0,0.0,8.448443374308283e-05,47737.0,391.0,47346.0
72,"[391.0, 47737.0, 1906.0000000000002, 3706.0000000000005]","[47737.0, 3706.0000000000005, 1906.0000000000002, 391.0]","[391.0, 1906.0000000000002, 3706.0000000000005, 47737.0]",0.0,0.0,0.0,0.0,8.448443374308283e-05,47737.0,391.0,47346.0
73,"[47737.0, 1906.0000000000002, 3706.0000000000005, 425.0]","[47737.0, 3706.0000000000005, 1906.0000000000002, 425.0]","[425.0, 1906.0000000000002, 3706.0000000000005, 47737.0]",0.0,0.0,0.0,0.0,8.454514710855597e-05,47737.0,425.0,47312.0
74,"[1906.0000000000002, 3706.0000000000005, 425.0, 6725.0]","[6725.0, 3706.0000000000005, 1906.0000000000002, 425.0]","[425.0, 1906.0000000000002, 3706.0000000000005, 6725.0]",0.0,0.0,0.0,0.0,0.0006349206349206349,6725.0,425.0,6300.0
75,"[3706.0000000000005, 425.0, 6725.0, 1583.0]","[6725.0, 3706.0000000000005, 1583.0, 425.0]","[425.0, 1583.0, 3706.0000000000005, 6725.0]",0.0,0.0,0.0,0.0,0.0006349206349206349,6725.0,425.0,6300.0
76,"[425.0, 6725.0, 1583.0, 2520.0]","[6725.0, 2520.0, 1583.0, 425.0]","[425.0, 1583.0, 2520.0, 6725.0]",0.0,0.0,0.0,0.0,0.0006349206349206349,6725.0,425.0,6300.0
77,"[6725.0, 1583.0, 2520.0, 430.0]","[6725.0, 2520.0, 1583.0, 430.0]","[430.0, 1583.0, 2520.0, 6725.0]",0.0,0.0,0.0,0.0,0.0006354249404289118,6725.0,430.0,6295.0
78,"[1583.0, 2520.0, 430.0, 2725.0]","[2725.0, 2520.0, 1583.0, 430.0]","[430.0, 1583.0, 2520.0, 2725.0]",0.0,0.0,0.0,0.0,0.0017429193899782135,2725.0,430.0,2295.0
79,"[2520.0, 430.0, 2725.0, 929.0000000000001]","[2725.0, 2520.0, 929.0000000000001, 430.0]","[430.0, 929.0000000000001, 2520.0, 2725.0]",0.0,0.0,0.0,0.0,0.0017429193899782135,2725.0,430.0,2295.0
80,"[430.0, 2725.0, 929.0000000000001, 3054.0]","[3054.0, 2725.0, 929.0000000000001, 430.0]","[430.0, 929.0000000000001, 2725.0, 3054.0]",0.0,0.0,0.0,0.0,0.001524390243902439,3054.0,430.0,2624.0
81,"[2725.0, 929.0000000000001, 3054.0, 7836.000000000001]","[7836.000000000001, 3054.0, 2725.0, 929.0000000000001]","[929.0000000000001, 2725.0, 3054.0, 7836.000000000001]",0.0,0.0,0.0,0.0,0.0005791226292167366,7836.000000000001,929.0000000000001,6907.000000000001
82,"[929.0000000000001, 3054.0, 7836.000000000001, 413.0]","[7836.000000000001, 3054.0, 929.0000000000001, 413.0]","[413.0, 929.0000000000001, 3054.0, 7836.000000000001]",0.0,0.0,0.0,0.0,0.0005388656877273339,7836.000000000001,413.0,7423.000000000001
83,"[3054.0, 7836.000000000001, 413.0, 5790.0]","[7836.000000000001, 5790.0, 3054.0, 413.0]","[413.0, 3054.0, 5790.0, 7836.000000000001]",0.0,0.0,0.0,0.0,0.0005388656877273339,7836.000000000001,413.0,7423.000000000001
84,"[7836.000000000001, 413.0, 5790.0, 48314.0]","[48314.0, 7836.000000000001, 5790.0, 413.0]","[413.0, 5790.0, 7836.000000000001, 48314.0]",0.0,0.0,0.0,0.0,8.350556355817206e-05,48314.0,413.0,47901.0
85,"[413.0, 5790.0, 48314.0, 4740.0]","[48314.0, 5790.0, 4740.0, 413.0]","[413.0, 4740.0, 5790.0, 48314.0]",0.0,0.0,0.0,0.0,8.350556355817206e-05,48314.0,413.0,47901.0
86,"[5790.0, 48314.0, 4740.0, 3672.0000000000005]","[48314.0, 5790.0, 4740.0, 3672.0000000000005]","[3672.0000000000005, 4740.0, 5790.0, 48314.0]",0.0,0.0,0.0,0.0,8.960172035303078e-05,48314.0,3672.0000000000005,44642.0
87,"[48314.0, 4740.0, 3672.0000000000005, 1689.0]","[48314.0, 4740.0, 3672.0000000000005, 1689.0]","[1689.0, 3672.0000000000005, 4740.0, 48314.0]",0.0,0.0,0.0,0.0,8.579088471849866e-05,48314.0,1689.0,46625.0
88,"[4740.0, 3672.0000000000005, 1689.0, 2108.0]","[4740.0, 3672.0000000000005, 2108.0, 1689.0]","[1689.0, 2108.0, 3672.0000000000005, 4740.0]",0.0,0.0,0.0,0.0,0.0013110455588331695,4740.0,1689.0,3051.0
89,"[3672.0000000000005, 1689.0, 2108.0, 602.0]","[3672.0000000000005, 2108.0, 1689.0, 602.0]","[602.0, 1689.0, 2108.0, 3672.0000000000005]",0.0,0.0,0.0,0.0,0.001302931596091205,3672.0000000000005,602.0,3070.0000000000005
90,"[1689.0, 2108.0, 602.0, 3636.0]","[3636.0, 2108.0, 1689.0, 602.0]","[602.0, 1689.0, 2108.0, 3636.0]",0.0,0.0,0.0,0.0,0.0013183915622940012,3636.0,602.0,3034.0
91,"[2108.0, 602.0, 3636.0, 4447.0]","[4447.0, 3636.0, 2108.0, 602.0]","[602.0, 2108.0, 3636.0, 4447.0]",0.0,0.0,0.0,0.0,0.0010403120936280884,4447.0,602.0,3845.0
92,"[602.0, 3636.0, 4447.0, 3417.0]","[4447.0, 3636.0, 3417.0, 602.0]","[602.0, 3417.0, 3636.0, 4447.0]",0.0,0.0,0.0,0.0,0.0010403120936280884,4447.0,602.0,3845.0
93,"[3636.0, 4447.0, 3417.0, 4473.0]","[4473.0, 4447.0, 3636.0, 3417.0]","[3417.0, 3636.0, 4447.0, 4473.0]",0.0,0.0,0.0,0.0,0.003787878787878788,4473.0,3417.0,1056.0
94,"[4447.0, 3417.0, 4473.0, 1461.0]","[4473.0, 4447.0, 3417.0, 1461.0]","[1461.0, 3417.0, 4447.0, 4473.0]",0.0,0.0,0.0,0.0,0.0013280212483399733,4473.0,1461.0,3012.0
95,"[3417.0, 4473.0, 1461.0, 2178.0]","[4473.0, 3417.0, 2178.0, 1461.0]","[1461.0, 2178.0, 3417.0, 4473.0]",0.0,0.0,0.0,0.0,0.0013280212483399733,4473.0,1461.0,3012.0
96,"[4473.0, 1461.0, 2178.0, 20.0]","[4473.0, 2178.0, 1461.0, 20.0]","[20.0, 1461.0, 2178.0, 4473.0]",0.0,0.0,0.0,0.0,0.0006737031214911295,4473.0,20.0,4453.0
97,"[1461.0, 2178.0, 20.0, 2164.0]","[2178.0, 2164.0, 1461.0, 20.0]","[20.0, 1461.0, 2164.0, 2178.0]",0.0,0.0,0.0,0.0,0.0013901760889712697,2178.0,20.0,2158.0
98,"[2178.0, 20.0, 2164.0, 3357.0]","[3357.0, 2178.0, 2164.0, 20.0]","[20.0, 2164.0, 2178.0, 3357.0]",0.0,0.0,0.0,0.0,0.0008990110878034162,3357.0,20.0,3337.0
99,"[20.0, 2164.0, 3357.0, 48373.0]","[48373.0, 3357.0, 2164.0, 20.0]","[20.0, 2164.0, 3357.0, 48373.0]",0.0,0.0,0.0,0.0,6.204372014145968e-05,48373.0,20.0,48353.0
100,"[2164.0, 3357.0, 48373.0, 2465.0]","[48373.0, 3357.0, 2465.0, 2164.0]","[2164.0, 2465.0, 3357.0, 48373.0]",0.0,0.0,0.0,0.0,8.65632236144474e-05,48373.0,2164.0,46209.0
101,"[3357.0, 48373.0, 2465.0, 6130.0]","[48373.0, 6130.0, 3357.0, 2465.0]","[2465.0, 3357.0, 6130.0, 48373.0]",0.0,0.0,0.0,0.0,8.713078330574191e-05,48373.0,2465.0,45908.0
102,"[48373.0, 2465.0, 6130.0, 4328.0]","[48373.0, 6130.0, 4328.0, 2465.0]","[2465.0, 4328.0, 6130.0, 48373.0]",0.0,0.0,0.0,0.0,8.713078330574191e-05,48373.0,2465.0,45908.0
103,"[2465.0, 6130.0, 4328.0, 1764.0]","[6130.0, 4328.0, 2465.0, 1764.0]","[1764.0, 2465.0, 4328.0, 6130.0]",0.0,0.0,0.0,0.0,0.0009161704076958314,6130.0,1764.0,4366.0
104,"[6130.0, 4328.0, 1764.0, 1445.0]","[6130.0, 4328.0, 1764.0, 1445.0]","[1445.0, 1764.0, 4328.0, 6130.0]",0.0,0.0,0.0,0.0,0.0008537886872998933,6130.0,1445.0,4685.0
105,"[4328.0, 1764.0, 1445.0, 42.0]","[4328.0, 1764.0, 1445.0, 42.0]","[42.0, 1445.0, 1764.0, 4328.0]",0.0,0.0,0.0,0.0,0.0006999533364442371,4328.0,42.0,4286.0
106,"[1764.0, 1445.0, 42.0, 2585.0]","[2585.0, 1764.0, 1445.0, 42.0]","[42.0, 1445.0, 1764.0, 2585.0]",0.0,0.0,0.0,0.0,0.0011797090051120724,2585.0,42.0,2543.0
107,"[1445.0, 42.0, 2585.0, 8103.000000000001]","[8103.000000000001, 2585.0, 1445.0, 42.0]","[42.0, 1445.0, 2585.0, 8103.000000000001]",0.0,0.0,0.0,0.0,0.00037216226274655747,8103.000000000001,42.0,8061.000000000001
108,"[42.0, 2585.0, 8103.000000000001, 1520.0]","[8103.000000000001, 2585.0, 1520.0, 42.0]","[42.0, 1520.0, 2585.0, 8103.000000000001]",0.0,0.0,0.0,0.0,0.00037216226274655747,8103.000000000001,42.0,8061.000000000001
109,"[2585.0, 8103.000000000001, 1520.0, 52.0]","[8103.000000000001, 2585.0, 1520.0, 52.0]","[52.0, 1520.0, 2585.0, 8103.000000000001]",0.0,0.0,0.0,0.0,0.00037262451869333,8103.000000000001,52.0,8051.000000000001
110,"[8103.000000000001, 1520.0, 52.0, 1234.0]","[8103.000000000001, 1520.0, 1234.0, 52.0]","[52.0, 1234.0, 1520.0, 8103.000000000001]",0.0,0.0,0.0,0.0,0.00037262451869333,8103.000000000001,52.0,8051.000000000001
111,"[1520.0, 52.0, 1234.0, 7659.000000000001]","[7659.000000000001, 1520.0, 1234.0, 52.0]","[52.0, 1234.0, 1520.0, 7659.000000000001]",0.0,0.0,0.0,0.0,0.00039437360326015505,7659.000000000001,52.0,7607.000000000001
112,"[52.0, 1234.0, 7659.000000000001, 1585.0]","[7659.000000000001, 1585.0, 1234.0, 52.0]","[52.0, 1234.0, 1585.0, 7659.000000000001]",0.0,0.0,0.0,0.0,0.00039437360326015505,7659.000000000001,52.0,7607.000000000001
113,"[1234.0, 7659.000000000001, 1585.0, 198.0]","[7659.000000000001, 1585.0, 1234.0, 198.0]","[198.0, 1234.0, 1585.0, 7659.000000000001]",0.0,0.0,0.0,0.0,0.0005361211633829245,7659.000000000001,198.0,7461.000000000001
114,"[7659.000000000001, 1585.0, 198.0, 48678.0]","[48678.0, 7659.000000000001, 1585.0, 198.0]","[198.0, 1585.0, 7659.000000000001, 48678.0]",0.0,0.0,0.0,0.0,8.250825082508251e-05,48678.0,198.0,48480.0
115,"[1585.0, 198.0, 48678.0, 3961.0000000000005]","[48678.0, 3961.0000000000005, 1585.0, 198.0]","[198.0, 1585.0, 3961.0000000000005, 48678.0]",0.0,0.0,0.0,0.0,8.250825082508251e-05,48678.0,198.0,48480.0
116,"[198.0, 48678.0, 3961.0000000000005, 19.0]","[48678.0, 3961.0000000000005, 198.0, 19.0]","[19.0, 198.0, 3961.0000000000005, 48678.0]",0.0,0.0,0.0,2.055118272056557e-05,6.165354816169671e-05,48678.0,19.0,48659.0
117,"[48678.0, 3961.0000000000005, 19.0, 1736.0]","[48678.0, 3961.0000000000005, 1736.0, 19.0]","[19.0, 1736.0, 3961.0000000000005, 48678.0]",0.0,0.0,0.0,2.055118272056557e-05,6.165354816169671e-05,48678.0,19.0,48659.0
118,"[3961.0000000000005, 19.0, 1736.0, 7009.0]","[7009.0, 3961.0000000000005, 1736.0, 19.0]","[19.0, 1736.0, 3961.0000000000005, 7009.0]",0.0,0.0,0.0,0.0001430615164520744,0.00042918454935622315,7009.0,19.0,6990.0
119,"[19.0, 1736.0, 7009.0, 2354.0]","[7009.0, 2354.0, 1736.0, 19.0]","[19.0, 1736.0, 2354.0, 7009.0]",0.0,0.0,0.0,0.0001430615164520744,0.00042918454935622315,7009.0,19.0,6990.0
120,"[1736.0, 7009.0, 2354.0, 94.0]","[7009.0, 2354.0, 1736.0, 94.0]","[94.0, 1736.0, 2354.0, 7009.0]",0.0,0.0,0.0,0.0,0.0004338394793926247,7009.0,94.0,6915.0
121,"[7009.0, 2354.0, 94.0, 812.0]","[7009.0, 2354.0, 812.0, 94.0]","[94.0, 812.0, 2354.0, 7009.0]",0.0,0.0,0.0,0.0,0.0004338394793926247,7009.0,94.0,6915.0
122,"[2354.0, 94.0, 812.0, 1543.0]","[2354.0, 1543.0, 812.0, 94.0]","[94.0, 812.0, 1543.0, 2354.0]",0.0,0.0,0.0,0.0,0.001327433628318584,2354.0,94.0,2260.0
123,"[94.0, 812.0, 1543.0, 1487.0]","[1543.0, 1487.0, 812.0, 94.0]","[94.0, 812.0, 1487.0, 1543.0]",0.0,0.0,0.0,0.0,0.002070393374741201,1543.0,94.0,1449.0
124,"[812.0, 1543.0, 1487.0, 1110.0]","[1543.0, 1487.0, 1110.0, 812.0]","[812.0, 1110.0, 1487.0, 1543.0]",0.0,0.0,0.0,0.0,0.005471956224350205,1543.0,812.0,731.0
125,"[1543.0, 1487.0, 1110.0, 222.0]","[1543.0, 1487.0, 1110.0, 222.0]","[222.0, 1110.0, 1487.0, 1543.0]",0.0,0.0,0.0,0.0,0.003028009084027252,1543.0,222.0,1321.0
126,"[1487.0, 1110.0, 222.0, 1282.0]","[1487.0, 1282.0, 1110.0, 222.0]","[222.0, 1110.0, 1282.0, 1487.0]",0.0,0.0,0.0,0.0,0.0031620553359683794,1487.0,222.0,1265.0
127,"[1110.0, 222.0, 1282.0, 7488.000000000001]","[7488.000000000001, 1282.0, 1110.0, 222.0]","[222.0, 1110.0, 1282.0, 7488.000000000001]",0.0,0.0,0.0,0.0,0.0005505092210294521,7488.000000000001,222.0,7266.000000000001
128,"[222.0, 1282.0, 7488.000000000001, 6845.0]","[7488.000000000001, 6845.0, 1282.0, 222.0]","[222.0, 1282.0, 6845.0, 7488.000000000001]",0.0,0.0,0.0,0.0,0.0005505092210294521,7488.000000000001,222.0,7266.000000000001
129,"[1282.0, 7488.000000000001, 6845.0, 49208.0]","[49208.0, 7488.000000000001, 6845.0, 1282.0]","[1282.0, 6845.0, 7488.000000000001, 49208.0]",0.0,0.0,0.0,0.0,8.346200392271419e-05,49208.0,1282.0,47926.0
130,"[7488.000000000001, 6845.0, 49208.0, 858.0]","[49208.0, 7488.000000000001, 6845.0, 858.0]","[858.0, 6845.0, 7488.000000000001, 49208.0]",0.0,0.0,0.0,0.0,8.27300930713547e-05,49208.0,858.0,48350.0
131,"[6845.0, 49208.0, 858.0, 708.0]","[49208.0, 6845.0, 858.0, 708.0]","[708.0, 858.0, 6845.0, 49208.0]",0.0,0.0,0.0,0.0,8.247422680412371e-05,49208.0,708.0,48500.0
132,"[49208.0, 858.0, 708.0, 1484.0]","[49208.0, 1484.0, 858.0, 708.0]","[708.0, 858.0, 1484.0, 49208.0]",0.0,0.0,0.0,0.0,8.247422680412371e-05,49208.0,708.0,48500.0
133,"[858.0, 708.0, 1484.0, 1499.0]","[1499.0, 1484.0, 858.0, 708.0]","[708.0, 858.0, 1484.0, 1499.0]",0.0,0.0,0.0,0.0,0.0050568900126422255,1499.0,708.0,791.0
134,"[708.0, 1484.0, 1499.0, 9413.0]","[9413.0, 1499.0, 1484.0, 708.0]","[708.0, 1484.0, 1499.0, 9413.0]",0.0,0.0,0.0,0.0,0.0004595060310166571,9413.0,708.0,8705.0
135,"[1484.0, 1499.0, 9413.0, 156.0]","[9413.0, 1499.0, 1484.0, 156.0]","[156.0, 1484.0, 1499.0, 9413.0]",0.0,0.0,0.0,0.0,0.0004321054337258291,9413.0,156.0,9257.0
136,"[1499.0, 9413.0, 156.0, 529.0]","[9413.0, 1499.0, 529.0, 156.0]","[156.0, 529.0, 1499.0, 9413.0]",0.0,0.0,0.0,0.0,0.0004321054337258291,9413.0,156.0,9257.0
137,"[9413.0, 156.0, 529.0, 1009.0000000000001]","[9413.0, 1009.0000000000001, 529.0, 156.0]","[156.0, 529.0, 1009.0000000000001, 9413.0]",0.0,0.0,0.0,0.0,0.0004321054337258291,9413.0,156.0,9257.0
138,"[156.0, 529.0, 1009.0000000000001, 242.00000000000003]","[1009.0000000000001, 529.0, 242.00000000000003, 156.0]","[156.0, 242.00000000000003, 529.0, 1009.0000000000001]",0.0,0.0,0.0,0.0,0.004689331770222743,1009.0000000000001,156.0,853.0000000000001
139,"[529.0, 1009.0000000000001, 242.00000000000003, 1713.0]","[1713.0, 1009.0000000000001, 529.0, 242.00000000000003]","[242.00000000000003, 529.0, 1009.0000000000001, 1713.0]",0.0,0.0,0.0,0.0,0.002719238613188307,1713.0,242.00000000000003,1471.0
140,"[1009.0000000000001, 242.00000000000003, 1713.0, 615.0]","[1713.0, 1009.0000000000001, 615.0, 242.00000000000003]","[242.00000000000003, 615.0, 1009.0000000000001, 1713.0]",0.0,0.0,0.0,0.0,0.002719238613188307,1713.0,242.00000000000003,1471.0
141,"[242.00000000000003, 1713.0, 615.0, 1631.0]","[1713.0, 1631.0, 615.0, 242.00000000000003]","[242.00000000000003, 615.0, 1631.0, 1713.0]",0.0,0.0,0.0,0.0,0.002719238613188307,1713.0,242.00000000000003,1471.0
142,"[1713.0, 615.0, 1631.0, 1597.0]","[1713.0, 1631.0, 1597.0, 615.0]","[615.0, 1597.0, 1631.0, 1713.0]",0.0,0.0,0.0,0.0,0.0036429872495446266,1713.0,615.0,1098.0
143,"[615.0, 1631.0, 1597.0, 6913.0]","[6913.0, 1631.0, 1597.0, 615.0]","[615.0, 1597.0, 1631.0, 6913.0]",0.0,0.0,0.0,0.0,0.0006351222610352493,6913.0,615.0,6298.0
144,"[1631.0, 1597.0, 6913.0, 1642.0]","[6913.0, 1642.0, 1631.0, 1597.0]","[1597.0, 1631.0, 1642.0, 6913.0]",0.0,0.0,0.0,0.0,0.0007524454477050414,6913.0,1597.0,5316.0
145,"[1597.0, 6913.0, 1642.0, 2253.0]","[6913.0, 2253.0, 1642.0, 1597.0]","[1597.0, 1642.0, 2253.0, 6913.0]",0.0,0.0,0.0,0.0,0.0007524454477050414,6913.0,1597.0,5316.0
146,"[6913.0, 1642.0, 2253.0, 1483.0]","[6913.0, 2253.0, 1642.0, 1483.0]","[1483.0, 1642.0, 2253.0, 6913.0]",0.0,0.0,0.0,0.0,0.0007366482504604051,6913.0,1483.0,5430.0
147,"[1642.0, 2253.0, 1483.0, 6.0]","[2253.0, 1642.0, 1483.0, 6.0]","[6.0, 1483.0, 1642.0, 2253.0]",0.0,0.0,0.0004450378282153983,0.0004450378282153983,0.0013351134846461949,2253.0,6.0,2247.0
148,"[2253.0, 1483.0, 6.0, 3278.0]","[3278.0, 2253.0, 1483.0, 6.0]","[6.0, 1483.0, 2253.0, 3278.0]",0.0,0.0,0.0003056234718826406,0.0003056234718826406,0.0009168704156479218,3278.0,6.0,3272.0
149,"[1483.0, 6.0, 3278.0, 1875.0000000000002]","[3278.0, 1875.0000000000002, 1483.0, 6.0]","[6.0, 1483.0, 1875.0000000000002, 3278.0]",0.0,0.0,0.0003056234718826406,0.0003056234718826406,0.0009168704156479218,3278.0,6.0,3272.0
150,"[6.0, 3278.0, 1875.0000000000002, 47960.0]","[47960.0, 3278.0, 1875.0000000000002, 6.0]","[6.0, 1875.0000000000002, 3278.0, 47960.0]",0.0,0.0,2.085331776285607e-05,2.085331776285607e-05,6.255995328856821e-05,47960.0,6.0,47954.0
151,"[3278.0, 1875.0000000000002, 47960.0, 2685.0]","[47960.0, 3278.0, 2685.0, 1875.0000000000002]","[1875.0000000000002, 2685.0, 3278.0, 47960.0]",0.0,0.0,0.0,0.0,8.679613757187806e-05,47960.0,1875.0000000000002,46085.0
152,"[1875.0000000000002, 47960.0, 2685.0, 5404.0]","[47960.0, 5404.0, 2685.0, 1875.0000000000002]","[1875.0000000000002, 2685.0, 5404.0, 47960.0]",0.0,0.0,0.0,0.0,8.679613757187806e-05,47960.0,1875.0000000000002,46085.0
153,"[47960.0, 2685.0, 5404.0, 204.0]","[47960.0, 5404.0, 2685.0, 204.0]","[204.0, 2685.0, 5404.0, 47960.0]",0.0,0.0,0.0,0.0,8.375910880308233e-05,47960.0,204.0,47756.0
154,"[2685.0, 5404.0, 204.0, 2791.0]","[5404.0, 2791.0, 2685.0, 204.0]","[204.0, 2685.0, 2791.0, 5404.0]",0.0,0.0,0.0,0.0,0.0007692307692307692,5404.0,204.0,5200.0
155,"[5404.0, 204.0, 2791.0, 920.0000000000001]","[5404.0, 2791.0, 920.0000000000001, 204.0]","[204.0, 920.0000000000001, 2791.0, 5404.0]",0.0,0.0,0.0,0.0,0.0007692307692307692,5404.0,204.0,5200.0
156,"[204.0, 2791.0, 920.0000000000001, 1549.0]","[2791.0, 1549.0, 920.0000000000001, 204.0]","[204.0, 920.0000000000001, 1549.0, 2791.0]",0.0,0.0,0.0,0.0,0.0015461925009663702,2791.0,204.0,2587.0
157,"[2791.0, 920.0000000000001, 1549.0, 206.0]","[2791.0, 1549.0, 920.0000000000001, 206.0]","[206.0, 920.0000000000001, 1549.0, 2791.0]",0.0,0.0,0.0,0.0,0.0015473887814313346,2791.0,206.0,2585.0
158,"[920.0000000000001, 1549.0, 206.0, 4215.0]","[4215.0, 1549.0, 920.0000000000001, 206.0]","[206.0, 920.0000000000001, 1549.0, 4215.0]",0.0,0.0,0.0,0.0,0.0009977550511349464,4215.0,206.0,4009.0
159,"[1549.0, 206.0, 4215.0, 2686.0]","[4215.0, 2686.0, 1549.0, 206.0]","[206.0, 1549.0, 2686.0, 4215.0]",0.0,0.0,0.0,0.0,0.0009977550511349464,4215.0,206.0,4009.0
160,"[206.0, 4215.0, 2686.0, 1410.0]","[4215.0, 2686.0, 1410.0, 206.0]","[206.0, 1410.0, 2686.0, 4215.0]",0.0,0.0,0.0,0.0,0.0009977550511349464,4215.0,206.0,4009.0
161,"[4215.0, 2686.0, 1410.0, 4840.0]","[4840.0, 4215.0, 2686.0, 1410.0]","[1410.0, 2686.0, 4215.0, 4840.0]",0.0,0.0,0.0,0.0,0.0011661807580174927,4840.0,1410.0,3430.0
162,"[2686.0, 1410.0, 4840.0, 5354.0]","[5354.0, 4840.0, 2686.0, 1410.0]","[1410.0, 2686.0, 4840.0, 5354.0]",0.0,0.0,0.0,0.0,0.0010141987829614604,5354.0,1410.0,3944.0
163,"[1410.0, 4840.0, 5354.0, 2280.0]","[5354.0, 4840.0, 2280.0, 1410.0]","[1410.0, 2280.0, 4840.0, 5354.0]",0.0,0.0,0.0,0.0,0.0010141987829614604,5354.0,1410.0,3944.0
164,"[4840.0, 5354.0, 2280.0, 4127.0]","[5354.0, 4840.0, 4127.0, 2280.0]","[2280.0, 4127.0, 4840.0, 5354.0]",0.0,0.0,0.0,0.0,0.0013012361743656475,5354.0,2280.0,3074.0
165,"[5354.0, 2280.0, 4127.0, 178.0]","[5354.0, 4127.0, 2280.0, 178.0]","[178.0, 2280.0, 4127.0, 5354.0]",0.0,0.0,0.0,0.0,0.0007727975270479134,5354.0,178.0,5176.0
166,"[2280.0, 4127.0, 178.0, 48813.0]","[48813.0, 4127.0, 2280.0, 178.0]","[178.0, 2280.0, 4127.0, 48813.0]",0.0,0.0,0.0,0.0,8.224529659710085e-05,48813.0,178.0,48635.0
167,"[4127.0, 178.0, 48813.0, 1707.0]","[48813.0, 4127.0, 1707.0, 178.0]","[178.0, 1707.0, 4127.0, 48813.0]",0.0,0.0,0.0,0.0,8.224529659710085e-05,48813.0,178.0,48635.0
168,"[178.0, 48813.0, 1707.0, 12459.0]","[48813.0, 12459.0, 1707.0, 178.0]","[178.0, 1707.0, 12459.0, 48813.0]",0.0,0.0,0.0,0.0,8.224529659710085e-05,48813.0,178.0,48635.0
169,"[48813.0, 1707.0, 12459.0, 282.0]","[48813.0, 12459.0, 1707.0, 282.0]","[282.0, 1707.0, 12459.0, 48813.0]",0.0,0.0,0.0,0.0,8.242154499186087e-05,48813.0,282.0,48531.0
170,"[1707.0, 12459.0, 282.0, 1544.0]","[12459.0, 1707.0, 1544.0, 282.0]","[282.0, 1544.0, 1707.0, 12459.0]",0.0,0.0,0.0,0.0,0.00032848813336618213,12459.0,282.0,12177.0
171,"[12459.0, 282.0, 1544.0, 8160.000000000001]","[12459.0, 8160.000000000001, 1544.0, 282.0]","[282.0, 1544.0, 8160.000000000001, 12459.0]",0.0,0.0,0.0,0.0,0.00032848813336618213,12459.0,282.0,12177.0
172,"[282.0, 1544.0, 8160.000000000001, 292.0]","[8160.000000000001, 1544.0, 292.0, 282.0]","[282.0, 292.0, 1544.0, 8160.000000000001]",0.0,0.0,0.0,0.0,0.0005077430820005077,8160.000000000001,282.0,7878.000000000001
173,"[1544.0, 8160.000000000001, 292.0, 1403.0]","[8160.000000000001, 1544.0, 1403.0, 292.0]","[292.0, 1403.0, 1544.0, 8160.000000000001]",0.0,0.0,0.0,0.0,0.0005083884087442805,8160.000000000001,292.0,7868.000000000001
174,"[8160.000000000001, 292.0, 1403.0, 4226.0]","[8160.000000000001, 4226.0, 1403.0, 292.0]","[292.0, 1403.0, 4226.0, 8160.000000000001]",0.0,0.0,0.0,0.0,0.0005083884087442805,8160.000000000001,292.0,7868.000000000001
175,"[292.0, 1403.0, 4226.0, 242.00000000000003]","[4226.0, 1403.0, 292.0, 242.00000000000003]","[242.00000000000003, 292.0, 1403.0, 4226.0]",0.0,0.0,0.0,0.0,0.001004016064257028,4226.0,242.00000000000003,3984.0
176,"[1403.0, 4226.0, 242.00000000000003, 2598.0]","[4226.0, 2598.0, 1403.0, 242.00000000000003]","[242.00000000000003, 1403.0, 2598.0, 4226.0]",0.0,0.0,0.0,0.0,0.001004016064257028,4226.0,242.00000000000003,3984.0
177,"[4226.0, 242.00000000000003, 2598.0, 3419.0]","[4226.0, 3419.0, 2598.0, 242.00000000000003]","[242.00000000000003, 2598.0, 3419.0, 4226.0]",0.0,0.0,0.0,0.0,0.001004016064257028,4226.0,242.00000000000003,3984.0
178,"[242.00000000000003, 2598.0, 3419.0, 860.0]","[3419.0, 2598.0, 860.0, 242.00000000000003]","[242.00000000000003, 860.0, 2598.0, 3419.0]",0.0,0.0,0.0,0.0,0.0012590494176896443,3419.0,242.00000000000003,3177.0
179,"[2598.0, 3419.0, 860.0, 50941.0]","[50941.0, 3419.0, 2598.0, 860.0]","[860.0, 2598.0, 3419.0, 50941.0]",0.0,0.0,0.0,0.0,7.987060961242787e-05,50941.0,860.0,50081.0
180,"[3419.0, 860.0, 50941.0, 1537.0]","[50941.0, 3419.0, 1537.0, 860.0]","[860.0, 1537.0, 3419.0, 50941.0]",0.0,0.0,0.0,0.0,7.987060961242787e-05,50941.0,860.0,50081.0
181,"[860.0, 50941.0, 1537.0, 896.0]","[50941.0, 1537.0, 896.0, 860.0]","[860.0, 896.0, 1537.0, 50941.0]",0.0,0.0,0.0,0.0,7.987060961242787e-05,50941.0,860.0,50081.0
182,"[50941.0, 1537.0, 896.0, 1859.0000000000002]","[50941.0, 1859.0000000000002, 1537.0, 896.0]","[896.0, 1537.0, 1859.0000000000002, 50941.0]",0.0,0.0,0.0,0.0,7.992806474173244e-05,50941.0,896.0,50045.0
183,"[1537.0, 896.0, 1859.0000000000002, 574.0]","[1859.0000000000002, 1537.0, 896.0, 574.0]","[574.0, 896.0, 1537.0, 1859.0000000000002]",0.0,0.0,0.0,0.0,0.0031128404669260694,1859.0000000000002,574.0,1285.0000000000002
184,"[896.0, 1859.0000000000002, 574.0, 1761.0]","[1859.0000000000002, 1761.0, 896.0, 574.0]","[574.0, 896.0, 1761.0, 1859.0000000000002]",0.0,0.0,0.0,0.0,0.0031128404669260694,1859.0000000000002,574.0,1285.0000000000002
185,"[1859.0000000000002, 574.0, 1761.0, 2833.0]","[2833.0, 1859.0000000000002, 1761.0, 574.0]","[574.0, 1761.0, 1859.0000000000002, 2833.0]",0.0,0.0,0.0,0.0,0.0017706949977866313,2833.0,574.0,2259.0
186,"[574.0, 1761.0, 2833.0, 2499.0]","[2833.0, 2499.0, 1761.0, 574.0]","[574.0, 1761.0, 2499.0, 2833.0]",0.0,0.0,0.0,0.0,0.0017706949977866313,2833.0,574.0,2259.0
187,"[1761.0, 2833.0, 2499.0, 1854.0000000000002]","[2833.0, 2499.0, 1854.0000000000002, 1761.0]","[1761.0, 1854.0000000000002, 2499.0, 2833.0]",0.0,0.0,0.0,0.0,0.0037313432835820895,2833.0,1761.0,1072.0
188,"[2833.0, 2499.0, 1854.0000000000002, 719.0]","[2833.0, 2499.0, 1854.0000000000002, 719.0]","[719.0, 1854.0000000000002, 2499.0, 2833.0]",0.0,0.0,0.0,0.0,0.001892147587511826,2833.0,719.0,2114.0
189,"[2499.0, 1854.0000000000002, 719.0, 3081.0]","[3081.0, 2499.0, 1854.0000000000002, 719.0]","[719.0, 1854.0000000000002, 2499.0, 3081.0]",0.0,0.0,0.0,0.0,0.001693480101608806,3081.0,719.0,2362.0
190,"[1854.0000000000002, 719.0, 3081.0, 2112.0]","[3081.0, 2112.0, 1854.0000000000002, 719.0]","[719.0, 1854.0000000000002, 2112.0, 3081.0]",0.0,0.0,0.0,0.0,0.001693480101608806,3081.0,719.0,2362.0
191,"[719.0, 3081.0, 2112.0, 846.0]","[3081.0, 2112.0, 846.0, 719.0]","[719.0, 846.0, 2112.0, 3081.0]",0.0,0.0,0.0,0.0,0.001693480101608806,3081.0,719.0,2362.0
192,"[3081.0, 2112.0, 846.0, 9404.0]","[9404.0, 3081.0, 2112.0, 846.0]","[846.0, 2112.0, 3081.0, 9404.0]",0.0,0.0,0.0,0.0,0.00046739892498247256,9404.0,846.0,8558.0
193,"[2112.0, 846.0, 9404.0, 1877.0000000000002]","[9404.0, 2112.0, 1877.0000000000002, 846.0]","[846.0, 1877.0000000000002, 2112.0, 9404.0]",0.0,0.0,0.0,0.0,0.00046739892498247256,9404.0,846.0,8558.0
194,"[846.0, 9404.0, 1877.0000000000002, 660.0]","[9404.0, 1877.0000000000002, 846.0, 660.0]","[660.0, 846.0, 1877.0000000000002, 9404.0]",0.0,0.0,0.0,0.0,0.0004574565416285453,9404.0,660.0,8744.0
195,"[9404.0, 1877.0000000000002, 660.0, 50199.0]","[50199.0, 9404.0, 1877.0000000000002, 660.0]","[660.0, 1877.0000000000002, 9404.0, 50199.0]",0.0,0.0,0.0,0.0,8.07444639576899e-05,50199.0,660.0,49539.0
196,"[1877.0000000000002, 660.0, 50199.0, 1115.0]","[50199.0, 1877.0000000000002, 1115.0, 660.0]","[660.0, 1115.0, 1877.0000000000002, 50199.0]",0.0,0.0,0.0,0.0,8.07444639576899e-05,50199.0,660.0,49539.0
197,"[660.0, 50199.0, 1115.0, 50.0]","[50199.0, 1115.0, 660.0, 50.0]","[50.0, 660.0, 1115.0, 50199.0]",0.0,0.0,0.0,0.0,5.9821731240902115e-05,50199.0,50.0,50149.0
198,"[50199.0, 1115.0, 50.0, 4492.0]","[50199.0, 4492.0, 1115.0, 50.0]","[50.0, 1115.0, 4492.0, 50199.0]",0.0,0.0,0.0,0.0,5.9821731240902115e-05,50199.0,50.0,50149.0
199,"[1115.0, 50.0, 4492.0, 1575.0]","[4492.0, 1575.0, 1115.0, 50.0]","[50.0, 1115.0, 1575.0, 4492.0]",0.0,0.0,0.0,0.0,0.0006753714542998649,4492.0,50.0,4442.0
200,"[50.0, 4492.0, 1575.0, 1808.0]","[4492.0, 1808.0, 1575.0, 50.0]","[50.0, 1575.0, 1808.0, 4492.0]",0.0,0.0,0.0,0.0,0.0006753714542998649,4492.0,50.0,4442.0
201,"[4492.0, 1575.0, 1808.0, 397.0]","[4492.0, 1808.0, 1575.0, 397.0]","[397.0, 1575.0, 1808.0, 4492.0]",0.0,0.0,0.0,0.0,0.0009768009768009768,4492.0,397.0,4095.0
202,"[1575.0, 1808.0, 397.0, 5105.0]","[5105.0, 1808.0, 1575.0, 397.0]","[397.0, 1575.0, 1808.0, 5105.0]",0.0,0.0,0.0,0.0,0.0008496176720475786,5105.0,397.0,4708.0
203,"[1808.0, 397.0, 5105.0, 6190.0]","[6190.0, 5105.0, 1808.0, 397.0]","[397.0, 1808.0, 5105.0, 6190.0]",0.0,0.0,0.0,0.0,0.0006904885206283445,6190.0,397.0,5793.0
204,"[397.0, 5105.0, 6190.0, 327.0]","[6190.0, 5105.0, 397.0, 327.0]","[327.0, 397.0, 5105.0, 6190.0]",0.0,0.0,0.0,0.0,0.0006822445846836091,6190.0,327.0,5863.0
205,"[5105.0, 6190.0, 327.0, 913.0000000000001]","[6190.0, 5105.0, 913.0000000000001, 327.0]","[327.0, 913.0000000000001, 5105.0, 6190.0]",0.0,0.0,0.0,0.0,0.0006822445846836091,6190.0,327.0,5863.0
206,"[6190.0, 327.0, 913.0000000000001, 8.0]","[6190.0, 913.0000000000001, 327.0, 8.0]","[8.0, 327.0, 913.0000000000001, 6190.0]",0.0,0.0,0.00016175994823681658,0.00016175994823681658,0.00048527984471044967,6190.0,8.0,6182.0
207,"[327.0, 913.0000000000001, 8.0, 6273.0]","[6273.0, 913.0000000000001, 327.0, 8.0]","[8.0, 327.0, 913.0000000000001, 6273.0]",0.0,0.0,0.0001596169193934557,0.0001596169193934557,0.00047885075818036713,6273.0,8.0,6265.0
208,"[913.0000000000001, 8.0, 6273.0, 513.0]","[6273.0, 913.0000000000001, 513.0, 8.0]","[8.0, 513.0, 913.0000000000001, 6273.0]",0.0,0.0,0.0001596169193934557,0.0001596169193934557,0.00047885075818036713,6273.0,8.0,6265.0
209,"[8.0, 6273.0, 513.0, 6249.0]","[6273.0, 6249.0, 513.0, 8.0]","[8.0, 513.0, 6249.0, 6273.0]",0.0,0.0,0.0001596169193934557,0.0001596169193934557,0.00047885075818036713,6273.0,8.0,6265.0
210,"[6273.0, 513.0, 6249.0, 4434.0]","[6273.0, 6249.0, 4434.0, 513.0]","[513.0, 4434.0, 6249.0, 6273.0]",0.0,0.0,0.0,0.0,0.0006944444444444445,6273.0,513.0,5760.0
211,"[513.0, 6249.0, 4434.0, 48064.0]","[48064.0, 6249.0, 4434.0, 513.0]","[513.0, 4434.0, 6249.0, 48064.0]",0.0,0.0,0.0,0.0,8.41202077769132e-05,48064.0,513.0,47551.0
212,"[6249.0, 4434.0, 48064.0, 2308.0]","[48064.0, 6249.0, 4434.0, 2308.0]","[2308.0, 4434.0, 6249.0, 48064.0]",0.0,0.0,0.0,0.0,8.742022904100009e-05,48064.0,2308.0,45756.0
213,"[4434.0, 48064.0, 2308.0, 1903.0000000000002]","[48064.0, 4434.0, 2308.0, 1903.0000000000002]","[1903.0000000000002, 2308.0, 4434.0, 48064.0]",0.0,0.0,0.0,0.0,8.665323541517731e-05,48064.0,1903.0000000000002,46161.0
214,"[48064.0, 2308.0, 1903.0000000000002, 209.0]","[48064.0, 2308.0, 1903.0000000000002, 209.0]","[209.0, 1903.0000000000002, 2308.0, 48064.0]",0.0,0.0,0.0,0.0,8.358583220144185e-05,48064.0,209.0,47855.0
215,"[2308.0, 1903.0000000000002, 209.0, 3309.0]","[3309.0, 2308.0, 1903.0000000000002, 209.0]","[209.0, 1903.0000000000002, 2308.0, 3309.0]",0.0,0.0,0.0,0.0,0.0012903225806451613,3309.0,209.0,3100.0
216,"[1903.0000000000002, 209.0, 3309.0, 8222.0]","[8222.0, 3309.0, 1903.0000000000002, 209.0]","[209.0, 1903.0000000000002, 3309.0, 8222.0]",0.0,0.0,0.0,0.0,0.000499188818170473,8222.0,209.0,8013.0
217,"[209.0, 3309.0, 8222.0, 1905.0000000000002]","[8222.0, 3309.0, 1905.0000000000002, 209.0]","[209.0, 1905.0000000000002, 3309.0, 8222.0]",0.0,0.0,0.0,0.0,0.000499188818170473,8222.0,209.0,8013.0
218,"[3309.0, 8222.0, 1905.0000000000002, 4999.0]","[8222.0, 4999.0, 3309.0, 1905.0000000000002]","[1905.0000000000002, 3309.0, 4999.0, 8222.0]",0.0,0.0,0.0,0.0,0.0006332119677061897,8222.0,1905.0000000000002,6317.0
219,"[8222.0, 1905.0000000000002, 4999.0, 2324.0]","[8222.0, 4999.0, 2324.0, 1905.0000000000002]","[1905.0000000000002, 2324.0, 4999.0, 8222.0]",0.0,0.0,0.0,0.0,0.0006332119677061897,8222.0,1905.0000000000002,6317.0
220,"[1905.0000000000002, 4999.0, 2324.0, 661.0]","[4999.0, 2324.0, 1905.0000000000002, 661.0]","[661.0, 1905.0000000000002, 2324.0, 4999.0]",0.0,0.0,0.0,0.0,0.0009220839096357768,4999.0,661.0,4338.0
221,"[4999.0, 2324.0, 661.0, 179.0]","[4999.0, 2324.0, 661.0, 179.0]","[179.0, 661.0, 2324.0, 4999.0]",0.0,0.0,0.0,0.0,0.0008298755186721991,4999.0,179.0,4820.0
222,"[2324.0, 661.0, 179.0, 1750.0]","[2324.0, 1750.0, 661.0, 179.0]","[179.0, 661.0, 1750.0, 2324.0]",0.0,0.0,0.0,0.0,0.0018648018648018648,2324.0,179.0,2145.0
223,"[661.0, 179.0, 1750.0, 6726.0]","[6726.0, 1750.0, 661.0, 179.0]","[179.0, 661.0, 1750.0, 6726.0]",0.0,0.0,0.0,0.0,0.0006109668550481136,6726.0,179.0,6547.0
224,"[179.0, 1750.0, 6726.0, 650.0]","[6726.0, 1750.0, 650.0, 179.0]","[179.0, 650.0, 1750.0, 6726.0]",0.0,0.0,0.0,0.0,0.0006109668550481136,6726.0,179.0,6547.0
225,"[1750.0, 6726.0, 650.0, 1108.0]","[6726.0, 1750.0, 1108.0, 650.0]","[650.0, 1108.0, 1750.0, 6726.0]",0.0,0.0,0.0,0.0,0.0006583278472679394,6726.0,650.0,6076.0
226,"[6726.0, 650.0, 1108.0, 51617.0]","[51617.0, 6726.0, 1108.0, 650.0]","[650.0, 1108.0, 6726.0, 51617.0]",0.0,0.0,0.0,0.0,7.848215511997959e-05,51617.0,650.0,50967.0
227,"[650.0, 1108.0, 51617.0, 156.0]","[51617.0, 1108.0, 650.0, 156.0]","[156.0, 650.0, 1108.0, 51617.0]",0.0,0.0,0.0,0.0,7.772876547288237e-05,51617.0,156.0,51461.0
228,"[1108.0, 51617.0, 156.0, 23.0]","[51617.0, 1108.0, 156.0, 23.0]","[23.0, 156.0, 1108.0, 51617.0]",0.0,0.0,0.0,0.0,5.814629608093964e-05,51617.0,23.0,51594.0
229,"[51617.0, 156.0, 23.0, 538.0]","[51617.0, 538.0, 156.0, 23.0]","[23.0, 156.0, 538.0, 51617.0]",0.0,0.0,0.0,0.0,5.814629608093964e-05,51617.0,23.0,51594.0
230,"[156.0, 23.0, 538.0, 1194.0]","[1194.0, 538.0, 156.0, 23.0]","[23.0, 156.0, 538.0, 1194.0]",0.0,0.0,0.0,0.0,0.0025619128949615714,1194.0,23.0,1171.0
231,"[23.0, 538.0, 1194.0, 3497.0]","[3497.0, 1194.0, 538.0, 23.0]","[23.0, 538.0, 1194.0, 3497.0]",0.0,0.0,0.0,0.0,0.0008635578583765112,3497.0,23.0,3474.0
232,"[538.0, 1194.0, 3497.0, 129.0]","[3497.0, 1194.0, 538.0, 129.0]","[129.0, 538.0, 1194.0, 3497.0]",0.0,0.0,0.0,0.0,0.0011876484560570072,3497.0,129.0,3368.0
233,"[1194.0, 3497.0, 129.0, 4.0]","[3497.0, 1194.0, 129.0, 4.0]","[4.0, 129.0, 1194.0, 3497.0]",0.0,0.000286286859433152,0.000286286859433152,0.000286286859433152,0.0008588605782994561,3497.0,4.0,3493.0
234,"[3497.0, 129.0, 4.0, 5402.0]","[5402.0, 3497.0, 129.0, 4.0]","[4.0, 129.0, 3497.0, 5402.0]",0.0,0.0001852537977028529,0.0001852537977028529,0.0001852537977028529,0.0005557613931085587,5402.0,4.0,5398.0
235,"[129.0, 4.0, 5402.0, 1525.0]","[5402.0, 1525.0, 129.0, 4.0]","[4.0, 129.0, 1525.0, 5402.0]",0.0,0.0001852537977028529,0.0001852537977028529,0.0001852537977028529,0.0005557613931085587,5402.0,4.0,5398.0
236,"[4.0, 5402.0, 1525.0, 91.0]","[5402.0, 1525.0, 91.0, 4.0]","[4.0, 91.0, 1525.0, 5402.0]",0.0,0.0001852537977028529,0.0001852537977028529,0.0001852537977028529,0.0003705075954057058,5402.0,4.0,5398.0
237,"[5402.0, 1525.0, 91.0, 268.0]","[5402.0, 1525.0, 268.0, 91.0]","[91.0, 268.0, 1525.0, 5402.0]",0.0,0.0,0.0,0.0,0.000564865373752589,5402.0,91.0,5311.0
238,"[1525.0, 91.0, 268.0, 746.0]","[1525.0, 746.0, 268.0, 91.0]","[91.0, 268.0, 746.0, 1525.0]",0.0,0.0,0.0,0.0,0.0020920502092050207,1525.0,91.0,1434.0
239,"[91.0, 268.0, 746.0, 2509.0]","[2509.0, 746.0, 268.0, 91.0]","[91.0, 268.0, 746.0, 2509.0]",0.0,0.0,0.0,0.0,0.0012406947890818859,2509.0,91.0,2418.0
240,"[268.0, 746.0, 2509.0, 1316.0]","[2509.0, 1316.0, 746.0, 268.0]","[268.0, 746.0, 1316.0, 2509.0]",0.0,0.0,0.0,0.0,0.00178491744756805,2509.0,268.0,2241.0
241,"[746.0, 2509.0, 1316.0, 7808.000000000001]","[7808.000000000001, 2509.0, 1316.0, 746.0]","[746.0, 1316.0, 2509.0, 7808.000000000001]",0.0,0.0,0.0,0.0,0.0005664117813650524,7808.000000000001,746.0,7062.000000000001
242,"[2509.0, 1316.0, 7808.000000000001, 1220.0]","[7808.000000000001, 2509.0, 1316.0, 1220.0]","[1220.0, 1316.0, 2509.0, 7808.000000000001]",0.0,0.0,0.0,0.0,0.000607164541590771,7808.000000000001,1220.0,6588.000000000001
243,"[1316.0, 7808.000000000001, 1220.0, 1300.0]","[7808.000000000001, 1316.0, 1300.0, 1220.0]","[1220.0, 1300.0, 1316.0, 7808.000000000001]",0.0,0.0,0.0,0.0,0.000607164541590771,7808.000000000001,1220.0,6588.000000000001
244,"[7808.000000000001, 1220.0, 1300.0, 285.0]","[7808.000000000001, 1300.0, 1220.0, 285.0]","[285.0, 1220.0, 1300.0, 7808.000000000001]",0.0,0.0,0.0,0.0,0.0005317027781470158,7808.000000000001,285.0,7523.000000000001
245,"[1220.0, 1300.0, 285.0, 1141.0]","[1300.0, 1220.0, 1141.0, 285.0]","[285.0, 1141.0, 1220.0, 1300.0]",0.0,0.0,0.0,0.0,0.003940886699507389,1300.0,285.0,1015.0
246,"[1300.0, 285.0, 1141.0, 1639.0]","[1639.0, 1300.0, 1141.0, 285.0]","[285.0, 1141.0, 1300.0, 1639.0]",0.0,0.0,0.0,0.0,0.0029542097488921715,1639.0,285.0,1354.0
247,"[285.0, 1141.0, 1639.0, 302.0]","[1639.0, 1141.0, 302.0, 285.0]","[285.0, 302.0, 1141.0, 1639.0]",0.0,0.0,0.0,0.0,0.0029542097488921715,1639.0,285.0,1354.0
248,"[1141.0, 1639.0, 302.0, 220.0]","[1639.0, 1141.0, 302.0, 220.0]","[220.0, 302.0, 1141.0, 1639.0]",0.0,0.0,0.0,0.0,0.0028188865398167725,1639.0,220.0,1419.0
249,"[1639.0, 302.0, 220.0, 2936.0]","[2936.0, 1639.0, 302.0, 220.0]","[220.0, 302.0, 1639.0, 2936.0]",0.0,0.0,0.0,0.0,0.0014727540500736377,2936.0,220.0,2716.0
250,"[302.0, 220.0, 2936.0, 549.0]","[2936.0, 549.0, 302.0, 220.0]","[220.0, 302.0, 549.0, 2936.0]",0.0,0.0,0.0,0.0,0.0014727540500736377,2936.0,220.0,2716.0
251,"[220.0, 2936.0, 549.0, 677.0]","[2936.0, 677.0, 549.0, 220.0]","[220.0, 549.0, 677.0, 2936.0]",0.0,0.0,0.0,0.0,0.0014727540500736377,2936.0,220.0,2716.0
252,"[2936.0, 549.0, 677.0, 52399.0]","[52399.0, 2936.0, 677.0, 549.0]","[549.0, 677.0, 2936.0, 52399.0]",0.0,0.0,0.0,0.0,7.714561234329797e-05,52399.0,549.0,51850.0
253,"[549.0, 677.0, 52399.0, 1005.0000000000001]","[52399.0, 1005.0000000000001, 677.0, 549.0]","[549.0, 677.0, 1005.0000000000001, 52399.0]",0.0,0.0,0.0,0.0,7.714561234329797e-05,52399.0,549.0,51850.0
254,"[677.0, 52399.0, 1005.0000000000001, 949.0000000000001]","[52399.0, 1005.0000000000001, 949.0000000000001, 677.0]","[677.0, 949.0000000000001, 1005.0000000000001, 52399.0]",0.0,0.0,0.0,0.0,7.733652990990294e-05,52399.0,677.0,51722.0
255,"[52399.0, 1005.0000000000001, 949.0000000000001, 4285.0]","[52399.0, 4285.0, 1005.0000000000001, 949.0000000000001]","[949.0000000000001, 1005.0000000000001, 4285.0, 52399.0]",0.0,0.0,0.0,0.0,7.774538386783285e-05,52399.0,949.0000000000001,51450.0
256,"[1005.0000000000001, 949.0000000000001, 4285.0, 324.0]","[4285.0, 1005.0000000000001, 949.0000000000001, 324.0]","[324.0, 949.0000000000001, 1005.0000000000001, 4285.0]",0.0,0.0,0.0,0.0,0.001009845998485231,4285.0,324.0,3961.0
257,"[949.0000000000001, 4285.0, 324.0, 887.0]","[4285.0, 949.0000000000001, 887.0, 324.0]","[324.0, 887.0, 949.0000000000001, 4285.0]",0.0,0.0,0.0,0.0,0.001009845998485231,4285.0,324.0,3961.0
258,"[4285.0, 324.0, 887.0, 1290.0]","[4285.0, 1290.0, 887.0, 324.0]","[324.0, 887.0, 1290.0, 4285.0]",0.0,0.0,0.0,0.0,0.001009845998485231,4285.0,324.0,3961.0
259,"[324.0, 887.0, 1290.0, 1303.0]","[1303.0, 1290.0, 887.0, 324.0]","[324.0, 887.0, 1290.0, 1303.0]",0.0,0.0,0.0,0.0,0.0040858018386108275,1303.0,324.0,979.0
260,"[887.0, 1290.0, 1303.0, 5058.0]","[5058.0, 1303.0, 1290.0, 887.0]","[887.0, 1290.0, 1303.0, 5058.0]",0.0,0.0,0.0,0.0,0.0009590026372572524,5058.0,887.0,4171.0
261,"[1290.0, 1303.0, 5058.0, 3744.0000000000005]","[5058.0, 3744.0000000000005, 1303.0, 1290.0]","[1290.0, 1303.0, 3744.0000000000005, 5058.0]",0.0,0.0,0.0,0.0,0.0010615711252653928,5058.0,1290.0,3768.0
262,"[1303.0, 5058.0, 3744.0000000000005, 434.0]","[5058.0, 3744.0000000000005, 1303.0, 434.0]","[434.0, 1303.0, 3744.0000000000005, 5058.0]",0.0,0.0,0.0,0.0,0.0008650519031141869,5058.0,434.0,4624.0
263,"[5058.0, 3744.0000000000005, 434.0, 1544.0]","[5058.0, 3744.0000000000005, 1544.0, 434.0]","[434.0, 1544.0, 3744.0000000000005, 5058.0]",0.0,0.0,0.0,0.0,0.0008650519031141869,5058.0,434.0,4624.0
264,"[3744.0000000000005, 434.0, 1544.0, 3434.0]","[3744.0000000000005, 3434.0, 1544.0, 434.0]","[434.0, 1544.0, 3434.0, 3744.0000000000005]",0.0,0.0,0.0,0.0,0.0012084592145015104,3744.0000000000005,434.0,3310.0000000000005
265,"[434.0, 1544.0, 3434.0, 531.0]","[3434.0, 1544.0, 531.0, 434.0]","[434.0, 531.0, 1544.0, 3434.0]",0.0,0.0,0.0,0.0,0.0013333333333333333,3434.0,434.0,3000.0
266,"[1544.0, 3434.0, 531.0, 42.0]","[3434.0, 1544.0, 531.0, 42.0]","[42.0, 531.0, 1544.0, 3434.0]",0.0,0.0,0.0,0.0,0.000884433962264151,3434.0,42.0,3392.0
267,"[3434.0, 531.0, 42.0, 6688.0]","[6688.0, 3434.0, 531.0, 42.0]","[42.0, 531.0, 3434.0, 6688.0]",0.0,0.0,0.0,0.0,0.00045139933794763765,6688.0,42.0,6646.0
268,"[531.0, 42.0, 6688.0, 2924.0]","[6688.0, 2924.0, 531.0, 42.0]","[42.0, 531.0, 2924.0, 6688.0]",0.0,0.0,0.0,0.0,0.00045139933794763765,6688.0,42.0,6646.0
269,"[42.0, 6688.0, 2924.0, 185.0]","[6688.0, 2924.0, 185.0, 42.0]","[42.0, 185.0, 2924.0, 6688.0]",0.0,0.0,0.0,0.0,0.00045139933794763765,6688.0,42.0,6646.0
270,"[6688.0, 2924.0, 185.0, 48184.0]","[48184.0, 6688.0, 2924.0, 185.0]","[185.0, 2924.0, 6688.0, 48184.0]",0.0,0.0,0.0,0.0,8.333506948061417e-05,48184.0,185.0,47999.0
271,"[2924.0, 185.0, 48184.0, 433.0]","[48184.0, 2924.0, 433.0, 185.0]","[185.0, 433.0, 2924.0, 48184.0]",0.0,0.0,0.0,0.0,8.333506948061417e-05,48184.0,185.0,47999.0
272,"[185.0, 48184.0, 433.0, 4070.0000000000005]","[48184.0, 4070.0000000000005, 433.0, 185.0]","[185.0, 433.0, 4070.0000000000005, 48184.0]",0.0,0.0,0.0,0.0,8.333506948061417e-05,48184.0,185.0,47999.0
273,"[48184.0, 433.0, 4070.0000000000005, 4308.0]","[48184.0, 4308.0, 4070.0000000000005, 433.0]","[433.0, 4070.0000000000005, 4308.0, 48184.0]",0.0,0.0,0.0,0.0,8.376787920671818e-05,48184.0,433.0,47751.0
274,"[433.0, 4070.0000000000005, 4308.0, 247.00000000000003]","[4308.0, 4070.0000000000005, 433.0, 247.00000000000003]","[247.00000000000003, 433.0, 4070.0000000000005, 4308.0]",0.0,0.0,0.0,0.0,0.0009849790691947797,4308.0,247.00000000000003,4061.0
275,"[4070.0000000000005, 4308.0, 247.00000000000003, 1961.0000000000002]","[4308.0, 4070.0000000000005, 1961.0000000000002, 247.00000000000003]","[247.00000000000003, 1961.0000000000002, 4070.0000000000005, 4308.0]",0.0,0.0,0.0,0.0,0.0009849790691947797,4308.0,247.00000000000003,4061.0
276,"[4308.0, 247.00000000000003, 1961.0000000000002, 2419.0]","[4308.0, 2419.0, 1961.0000000000002, 247.00000000000003]","[247.00000000000003, 1961.0000000000002, 2419.0, 4308.0]",0.0,0.0,0.0,0.0,0.0009849790691947797,4308.0,247.00000000000003,4061.0
277,"[247.00000000000003, 1961.0000000000002, 2419.0, 3084.0]","[3084.0, 2419.0, 1961.0000000000002, 247.00000000000003]","[247.00000000000003, 1961.0000000000002, 2419.0, 3084.0]",0.0,0.0,0.0,0.0,0.0014099400775467042,3084.0,247.00000000000003,2837.0
278,"[1961.0000000000002, 2419.0, 3084.0, 322.0]","[3084.0, 2419.0, 1961.0000000000002, 322.0]","[322.0, 1961.0000000000002, 2419.0, 3084.0]",0.0,0.0,0.0,0.0,0.001448225923244026,3084.0,322.0,2762.0
279,"[2419.0, 3084.0, 322.0, 3176.0]","[3176.0, 3084.0, 2419.0, 322.0]","[322.0, 2419.0, 3084.0, 3176.0]",0.0,0.0,0.0,0.0,0.001401541695865452,3176.0,322.0,2854.0
280,"[3084.0, 322.0, 3176.0, 1729.0]","[3176.0, 3084.0, 1729.0, 322.0]","[322.0, 1729.0, 3084.0, 3176.0]",0.0,0.0,0.0,0.0,0.001401541695865452,3176.0,322.0,2854.0
281,"[322.0, 3176.0, 1729.0, 6264.0]","[6264.0, 3176.0, 1729.0, 322.0]","[322.0, 1729.0, 3176.0, 6264.0]",0.0,0.0,0.0,0.0,0.0006731740154830024,6264.0,322.0,5942.0
282,"[3176.0, 1729.0, 6264.0, 4597.0]","[6264.0, 4597.0, 3176.0, 1729.0]","[1729.0, 3176.0, 4597.0, 6264.0]",0.0,0.0,0.0,0.0,0.0008820286659316428,6264.0,1729.0,4535.0
283,"[1729.0, 6264.0, 4597.0, 1566.0]","[6264.0, 4597.0, 1729.0, 1566.0]","[1566.0, 1729.0, 4597.0, 6264.0]",0.0,0.0,0.0,0.0,0.0008514261387824606,6264.0,1566.0,4698.0
284,"[6264.0, 4597.0, 1566.0, 52244.0]","[52244.0, 6264.0, 4597.0, 1566.0]","[1566.0, 4597.0, 6264.0, 52244.0]",0.0,0.0,0.0,0.0,7.892971309049292e-05,52244.0,1566.0,50678.0
285,"[4597.0, 1566.0, 52244.0, 2670.0]","[52244.0, 4597.0, 2670.0, 1566.0]","[1566.0, 2670.0, 4597.0, 52244.0]",0.0,0.0,0.0,0.0,7.892971309049292e-05,52244.0,1566.0,50678.0
286,"[1566.0, 52244.0, 2670.0, 10941.0]","[52244.0, 10941.0, 2670.0, 1566.0]","[1566.0, 2670.0, 10941.0, 52244.0]",0.0,0.0,0.0,0.0,7.892971309049292e-05,52244.0,1566.0,50678.0
287,"[52244.0, 2670.0, 10941.0, 1659.0]","[52244.0, 10941.0, 2670.0, 1659.0]","[1659.0, 2670.0, 10941.0, 52244.0]",0.0,0.0,0.0,0.0,7.907482455273303e-05,52244.0,1659.0,50585.0
288,"[2670.0, 10941.0, 1659.0, 1080.0]","[10941.0, 2670.0, 1659.0, 1080.0]","[1080.0, 1659.0, 2670.0, 10941.0]",0.0,0.0,0.0,0.0,0.0004056383733901227,10941.0,1080.0,9861.0
289,"[10941.0, 1659.0, 1080.0, 3077.0]","[10941.0, 3077.0, 1659.0, 1080.0]","[1080.0, 1659.0, 3077.0, 10941.0]",0.0,0.0,0.0,0.0,0.0004056383733901227,10941.0,1080.0,9861.0
290,"[1659.0, 1080.0, 3077.0, 845.0]","[3077.0, 1659.0, 1080.0, 845.0]","[845.0, 1080.0, 1659.0, 3077.0]",0.0,0.0,0.0,0.0,0.0017921146953405018,3077.0,845.0,2232.0
291,"[1080.0, 3077.0, 845.0, 10040.0]","[10040.0, 3077.0, 1080.0, 845.0]","[845.0, 1080.0, 3077.0, 10040.0]",0.0,0.0,0.0,0.0,0.0004350190320826536,10040.0,845.0,9195.0
292,"[3077.0, 845.0, 10040.0, 57681.0]","[57681.0, 10040.0, 3077.0, 845.0]","[845.0, 3077.0, 10040.0, 57681.0]",0.0,0.0,0.0,0.0,7.037792948131466e-05,57681.0,845.0,56836.0
293,"[845.0, 10040.0, 57681.0, 573.0]","[57681.0, 10040.0, 845.0, 573.0]","[573.0, 845.0, 10040.0, 57681.0]",0.0,0.0,0.0,0.0,7.004272606289837e-05,57681.0,573.0,57108.0
294,"[10040.0, 57681.0, 573.0, 7672.000000000001]","[57681.0, 10040.0, 7672.000000000001, 573.0]","[573.0, 7672.000000000001, 10040.0, 57681.0]",0.0,0.0,0.0,0.0,7.004272606289837e-05,57681.0,573.0,57108.0
295,"[57681.0, 573.0, 7672.000000000001, 117.00000000000001]","[57681.0, 7672.000000000001, 573.0, 117.00000000000001]","[117.00000000000001, 573.0, 7672.000000000001, 57681.0]",0.0,0.0,0.0,0.0,6.948787436592315e-05,57681.0,117.00000000000001,57564.0
296,"[573.0, 7672.000000000001, 117.00000000000001, 710.0]","[7672.000000000001, 710.0, 573.0, 117.00000000000001]","[117.00000000000001, 573.0, 710.0, 7672.000000000001]",0.0,0.0,0.0,0.0,0.000529450694904037,7672.000000000001,117.00000000000001,7555.000000000001
297,"[7672.000000000001, 117.00000000000001, 710.0, 1078.0]","[7672.000000000001, 1078.0, 710.0, 117.00000000000001]","[117.00000000000001, 710.0, 1078.0, 7672.000000000001]",0.0,0.0,0.0,0.0,0.000529450694904037,7672.000000000001,117.00000000000001,7555.000000000001
298,"[117.00000000000001, 710.0, 1078.0, 273.0]","[1078.0, 710.0, 273.0, 117.00000000000001]","[117.00000000000001, 273.0, 710.0, 1078.0]",0.0,0.0,0.0,0.0,0.004162330905306972,1078.0,117.00000000000001,961.0
299,"[710.0, 1078.0, 273.0, 3545.0]","[3545.0, 1078.0, 710.0, 273.0]","[273.0, 710.0, 1078.0, 3545.0]",0.0,0.0,0.0,0.0,0.0012224938875305623,3545.0,273.0,3272.0
300,"[1078.0, 273.0, 3545.0, 562.0]","[3545.0, 1078.0, 562.0, 273.0]","[273.0, 562.0, 1078.0, 3545.0]",0.0,0.0,0.0,0.0,0.0012224938875305623,3545.0,273.0,3272.0
301,"[273.0, 3545.0, 562.0, 3325.0]","[3545.0, 3325.0, 562.0, 273.0]","[273.0, 562.0, 3325.0, 3545.0]",0.0,0.0,0.0,0.0,0.0012224938875305623,3545.0,273.0,3272.0
302,"[3545.0, 562.0, 3325.0, 2358.0]","[3545.0, 3325.0, 2358.0, 562.0]","[562.0, 2358.0, 3325.0, 3545.0]",0.0,0.0,0.0,0.0,0.0013409319477036541,3545.0,562.0,2983.0
303,"[562.0, 3325.0, 2358.0, 1466.0]","[3325.0, 2358.0, 1466.0, 562.0]","[562.0, 1466.0, 2358.0, 3325.0]",0.0,0.0,0.0,0.0,0.0014477017734346724,3325.0,562.0,2763.0
304,"[3325.0, 2358.0, 1466.0, 9732.0]","[9732.0, 3325.0, 2358.0, 1466.0]","[1466.0, 2358.0, 3325.0, 9732.0]",0.0,0.0,0.0,0.0,0.0004839099927413501,9732.0,1466.0,8266.0
305,"[2358.0, 1466.0, 9732.0, 2065.0]","[9732.0, 2358.0, 2065.0, 1466.0]","[1466.0, 2065.0, 2358.0, 9732.0]",0.0,0.0,0.0,0.0,0.0004839099927413501,9732.0,1466.0,8266.0
306,"[1466.0, 9732.0, 2065.0, 1045.0]","[9732.0, 2065.0, 1466.0, 1045.0]","[1045.0, 1466.0, 2065.0, 9732.0]",0.0,0.0,0.0,0.0,0.0004604581558650858,9732.0,1045.0,8687.0
307,"[9732.0, 2065.0, 1045.0, 1093.0]","[9732.0, 2065.0, 1093.0, 1045.0]","[1045.0, 1093.0, 2065.0, 9732.0]",0.0,0.0,0.0,0.0,0.0004604581558650858,9732.0,1045.0,8687.0
308,"[2065.0, 1045.0, 1093.0, 302.0]","[2065.0, 1093.0, 1045.0, 302.0]","[302.0, 1045.0, 1093.0, 2065.0]",0.0,0.0,0.0,0.0,0.0022688598979013048,2065.0,302.0,1763.0
309,"[1045.0, 1093.0, 302.0, 686.0]","[1093.0, 1045.0, 686.0, 302.0]","[302.0, 686.0, 1045.0, 1093.0]",0.0,0.0,0.0,0.0,0.0050568900126422255,1093.0,302.0,791.0
310,"[1093.0, 302.0, 686.0, 50833.0]","[50833.0, 1093.0, 686.0, 302.0]","[302.0, 686.0, 1093.0, 50833.0]",0.0,0.0,0.0,0.0,7.915932793730582e-05,50833.0,302.0,50531.0
311,"[302.0, 686.0, 50833.0, 1484.0]","[50833.0, 1484.0, 686.0, 302.0]","[302.0, 686.0, 1484.0, 50833.0]",0.0,0.0,0.0,0.0,7.915932793730582e-05,50833.0,302.0,50531.0
312,"[686.0, 50833.0, 1484.0, 4947.0]","[50833.0, 4947.0, 1484.0, 686.0]","[686.0, 1484.0, 4947.0, 50833.0]",0.0,0.0,0.0,0.0,7.97654894609847e-05,50833.0,686.0,50147.0
313,"[50833.0, 1484.0, 4947.0, 2256.0]","[50833.0, 4947.0, 2256.0, 1484.0]","[1484.0, 2256.0, 4947.0, 50833.0]",0.0,0.0,0.0,0.0,8.105534053374942e-05,50833.0,1484.0,49349.0
314,"[1484.0, 4947.0, 2256.0, 468.00000000000006]","[4947.0, 2256.0, 1484.0, 468.00000000000006]","[468.00000000000006, 1484.0, 2256.0, 4947.0]",0.0,0.0,0.0,0.0,0.0008930564858227283,4947.0,468.00000000000006,4479.0
315,"[4947.0, 2256.0, 468.00000000000006, 3806.0000000000005]","[4947.0, 3806.0000000000005, 2256.0, 468.00000000000006]","[468.00000000000006, 2256.0, 3806.0000000000005, 4947.0]",0.0,0.0,0.0,0.0,0.0008930564858227283,4947.0,468.00000000000006,4479.0
316,"[2256.0, 468.00000000000006, 3806.0000000000005, 2676.0]","[3806.0000000000005, 2676.0, 2256.0, 468.00000000000006]","[468.00000000000006, 2256.0, 2676.0, 3806.0000000000005]",0.0,0.0,0.0,0.0,0.0011983223487118033,3806.0000000000005,468.00000000000006,3338.0000000000005
317,"[468.00000000000006, 3806.0000000000005, 2676.0, 1245.0]","[3806.0000000000005, 2676.0, 1245.0, 468.00000000000006]","[468.00000000000006, 1245.0, 2676.0, 3806.0000000000005]",0.0,0.0,0.0,0.0,0.0011983223487118033,3806.0000000000005,468.00000000000006,3338.0000000000005
318,"[3806.0000000000005, 2676.0, 1245.0, 168.0]","[3806.0000000000005, 2676.0, 1245.0, 168.0]","[168.0, 1245.0, 2676.0, 3806.0000000000005]",0.0,0.0,0.0,0.0,0.0010995052226498074,3806.0000000000005,168.0,3638.0000000000005
319,"[2676.0, 1245.0, 168.0, 311.0]","[2676.0, 1245.0, 311.0, 168.0]","[168.0, 311.0, 1245.0, 2676.0]",0.0,0.0,0.0,0.0,0.001594896331738437,2676.0,168.0,2508.0
320,"[1245.0, 168.0, 311.0, 3653.0000000000005]","[3653.0000000000005, 1245.0, 311.0, 168.0]","[168.0, 311.0, 1245.0, 3653.0000000000005]",0.0,0.0,0.0,0.0,0.0011477761836441891,3653.0000000000005,168.0,3485.0000000000005
321,"[168.0, 311.0, 3653.0000000000005, 310.0]","[3653.0000000000005, 311.0, 310.0, 168.0]","[168.0, 310.0, 311.0, 3653.0000000000005]",0.0,0.0,0.0,0.0,0.0011477761836441891,3653.0000000000005,168.0,3485.0000000000005
322,"[311.0, 3653.0000000000005, 310.0, 954.0000000000001]","[3653.0000000000005, 954.0000000000001, 311.0, 310.0]","[310.0, 311.0, 954.0000000000001, 3653.0000000000005]",0.0,0.0,0.0,0.0,0.001196530062817828,3653.0000000000005,310.0,3343.0000000000005
323,"[3653.0000000000005, 310.0, 954.0000000000001, 1245.0]","[3653.0000000000005, 1245.0, 954.0000000000001, 310.0]","[310.0, 954.0000000000001, 1245.0, 3653.0000000000005]",0.0,0.0,0.0,0.0,0.001196530062817828,3653.0000000000005,310.0,3343.0000000000005
324,"[310.0, 954.0000000000001, 1245.0, 1987.0000000000002]","[1987.0000000000002, 1245.0, 954.0000000000001, 310.0]","[310.0, 954.0000000000001, 1245.0, 1987.0000000000002]",0.0,0.0,0.0,0.0,0.002385211687537269,1987.0000000000002,310.0,1677.0000000000002
325,"[954.0000000000001, 1245.0, 1987.0000000000002, 3534.0]","[3534.0, 1987.0000000000002, 1245.0, 954.0000000000001]","[954.0000000000001, 1245.0, 1987.0000000000002, 3534.0]",0.0,0.0,0.0,0.0,0.0015503875968992248,3534.0,954.0000000000001,2580.0
326,"[1245.0, 1987.0000000000002, 3534.0, 378.0]","[3534.0, 1987.0000000000002, 1245.0, 378.0]","[378.0, 1245.0, 1987.0000000000002, 3534.0]",0.0,0.0,0.0,0.0,0.0012674271229404308,3534.0,378.0,3156.0
327,"[1987.0000000000002, 3534.0, 378.0, 406.0]","[3534.0, 1987.0000000000002, 406.0, 378.0]","[378.0, 406.0, 1987.0000000000002, 3534.0]",0.0,0.0,0.0,0.0,0.0012674271229404308,3534.0,378.0,3156.0
328,"[3534.0, 378.0, 406.0, 4201.0]","[4201.0, 3534.0, 406.0, 378.0]","[378.0, 406.0, 3534.0, 4201.0]",0.0,0.0,0.0,0.0,0.00104629871828407,4201.0,378.0,3823.0
329,"[378.0, 406.0, 4201.0, 51112.0]","[51112.0, 4201.0, 406.0, 378.0]","[378.0, 406.0, 4201.0, 51112.0]",0.0,0.0,0.0,0.0,7.884259076753262e-05,51112.0,378.0,50734.0
330,"[406.0, 4201.0, 51112.0, 2965.0]","[51112.0, 4201.0, 2965.0, 406.0]","[406.0, 2965.0, 4201.0, 51112.0]",0.0,0.0,0.0,0.0,7.888612787441328e-05,51112.0,406.0,50706.0
331,"[4201.0, 51112.0, 2965.0, 2627.0]","[51112.0, 4201.0, 2965.0, 2627.0]","[2627.0, 2965.0, 4201.0, 51112.0]",0.0,0.0,0.0,0.0,8.249974218830566e-05,51112.0,2627.0,48485.0
332,"[51112.0, 2965.0, 2627.0, 997.0000000000001]","[51112.0, 2965.0, 2627.0, 997.0000000000001]","[997.0000000000001, 2627.0, 2965.0, 51112.0]",0.0,0.0,0.0,0.0,7.981642222887359e-05,51112.0,997.0000000000001,50115.0
333,"[2965.0, 2627.0, 997.0000000000001, 1350.0]","[2965.0, 2627.0, 1350.0, 997.0000000000001]","[997.0000000000001, 1350.0, 2627.0, 2965.0]",0.0,0.0,0.0,0.0,0.0020325203252032522,2965.0,997.0000000000001,1968.0
334,"[2627.0, 997.0000000000001, 1350.0, 2369.0]","[2627.0, 2369.0, 1350.0, 997.0000000000001]","[997.0000000000001, 1350.0, 2369.0, 2627.0]",0.0,0.0,0.0,0.0,0.00245398773006135,2627.0,997.0000000000001,1630.0
335,"[997.0000000000001, 1350.0, 2369.0, 1309.0]","[2369.0, 1350.0, 1309.0, 997.0000000000001]","[997.0000000000001, 1309.0, 1350.0, 2369.0]",0.0,0.0,0.0,0.0,0.0029154518950437317,2369.0,997.0000000000001,1372.0
336,"[1350.0, 2369.0, 1309.0, 4119.0]","[4119.0, 2369.0, 1350.0, 1309.0]","[1309.0, 1350.0, 2369.0, 4119.0]",0.0,0.0,0.0,0.0,0.0014234875444839859,4119.0,1309.0,2810.0
337,"[2369.0, 1309.0, 4119.0, 789.0]","[4119.0, 2369.0, 1309.0, 789.0]","[789.0, 1309.0, 2369.0, 4119.0]",0.0,0.0,0.0,0.0,0.0012012012012012011,4119.0,789.0,3330.0
338,"[1309.0, 4119.0, 789.0, 3279.0]","[4119.0, 3279.0, 1309.0, 789.0]","[789.0, 1309.0, 3279.0, 4119.0]",0.0,0.0,0.0,0.0,0.0012012012012012011,4119.0,789.0,3330.0
339,"[4119.0, 789.0, 3279.0, 328.0]","[4119.0, 3279.0, 789.0, 328.0]","[328.0, 789.0, 3279.0, 4119.0]",0.0,0.0,0.0,0.0,0.0010551305724083356,4119.0,328.0,3791.0
340,"[789.0, 3279.0, 328.0, 6225.0]","[6225.0, 3279.0, 789.0, 328.0]","[328.0, 789.0, 3279.0, 6225.0]",0.0,0.0,0.0,0.0,0.0006783110055960658,6225.0,328.0,5897.0
341,"[3279.0, 328.0, 6225.0, 1825.0]","[6225.0, 3279.0, 1825.0, 328.0]","[328.0, 1825.0, 3279.0, 6225.0]",0.0,0.0,0.0,0.0,0.0006783110055960658,6225.0,328.0,5897.0
342,"[328.0, 6225.0, 1825.0, 402.0]","[6225.0, 1825.0, 402.0, 328.0]","[328.0, 402.0, 1825.0, 6225.0]",0.0,0.0,0.0,0.0,0.0006783110055960658,6225.0,328.0,5897.0
343,"[6225.0, 1825.0, 402.0, 1668.0]","[6225.0, 1825.0, 1668.0, 402.0]","[402.0, 1668.0, 1825.0, 6225.0]",0.0,0.0,0.0,0.0,0.0006869311351537008,6225.0,402.0,5823.0
344,"[1825.0, 402.0, 1668.0, 64.0]","[1825.0, 1668.0, 402.0, 64.0]","[64.0, 402.0, 1668.0, 1825.0]",0.0,0.0,0.0,0.0,0.0017035775127768314,1825.0,64.0,1761.0
345,"[402.0, 1668.0, 64.0, 54653.0]","[54653.0, 1668.0, 402.0, 64.0]","[64.0, 402.0, 1668.0, 54653.0]",0.0,0.0,0.0,0.0,5.4956126692190735e-05,54653.0,64.0,54589.0
346,"[1668.0, 64.0, 54653.0, 4050.0000000000005]","[54653.0, 4050.0000000000005, 1668.0, 64.0]","[64.0, 1668.0, 4050.0000000000005, 54653.0]",0.0,0.0,0.0,0.0,5.4956126692190735e-05,54653.0,64.0,54589.0
347,"[64.0, 54653.0, 4050.0000000000005, 3613.0]","[54653.0, 4050.0000000000005, 3613.0, 64.0]","[64.0, 3613.0, 4050.0000000000005, 54653.0]",0.0,0.0,0.0,0.0,5.4956126692190735e-05,54653.0,64.0,54589.0
348,"[54653.0, 4050.0000000000005, 3613.0, 451.0]","[54653.0, 4050.0000000000005, 3613.0, 451.0]","[451.0, 3613.0, 4050.0000000000005, 54653.0]",0.0,0.0,0.0,0.0,7.379801483340099e-05,54653.0,451.0,54202.0
349,"[4050.0000000000005, 3613.0, 451.0, 52.0]","[4050.0000000000005, 3613.0, 451.0, 52.0]","[52.0, 451.0, 3613.0, 4050.0000000000005]",0.0,0.0,0.0,0.0,0.0007503751875937968,4050.0000000000005,52.0,3998.0000000000005
350,"[3613.0, 451.0, 52.0, 1924.0000000000002]","[3613.0, 1924.0000000000002, 451.0, 52.0]","[52.0, 451.0, 1924.0000000000002, 3613.0]",0.0,0.0,0.0,0.0,0.0008424599831508003,3613.0,52.0,3561.0
351,"[451.0, 52.0, 1924.0000000000002, 460.00000000000006]","[1924.0000000000002, 460.00000000000006, 451.0, 52.0]","[52.0, 451.0, 460.00000000000006, 1924.0000000000002]",0.0,0.0,0.0,0.0,0.0016025641025641023,1924.0000000000002,52.0,1872.0000000000002
352,"[52.0, 1924.0000000000002, 460.00000000000006, 259.0]","[1924.0000000000002, 460.00000000000006, 259.0, 52.0]","[52.0, 259.0, 460.00000000000006, 1924.0000000000002]",0.0,0.0,0.0,0.0,0.0016025641025641023,1924.0000000000002,52.0,1872.0000000000002
353,"[1924.0000000000002, 460.00000000000006, 259.0, 436.0]","[1924.0000000000002, 460.00000000000006, 436.0, 259.0]","[259.0, 436.0, 460.00000000000006, 1924.0000000000002]",0.0,0.0,0.0,0.0,0.002402402402402402,1924.0000000000002,259.0,1665.0000000000002
354,"[460.00000000000006, 259.0, 436.0, 1220.0]","[1220.0, 460.00000000000006, 436.0, 259.0]","[259.0, 436.0, 460.00000000000006, 1220.0]",0.0,0.0,0.0,0.0,0.004162330905306972,1220.0,259.0,961.0
355,"[259.0, 436.0, 1220.0, 849.0]","[1220.0, 849.0, 436.0, 259.0]","[259.0, 436.0, 849.0, 1220.0]",0.0,0.0,0.0,0.0,0.004162330905306972,1220.0,259.0,961.0
356,"[436.0, 1220.0, 849.0, 534.0]","[1220.0, 849.0, 534.0, 436.0]","[436.0, 534.0, 849.0, 1220.0]",0.0,0.0,0.0,0.0,0.00510204081632653,1220.0,436.0,784.0
357,"[1220.0, 849.0, 534.0, 9101.0]","[9101.0, 1220.0, 849.0, 534.0]","[534.0, 849.0, 1220.0, 9101.0]",0.0,0.0,0.0,0.0,0.0004669079024162484,9101.0,534.0,8567.0
358,"[849.0, 534.0, 9101.0, 235.00000000000003]","[9101.0, 849.0, 534.0, 235.00000000000003]","[235.00000000000003, 534.0, 849.0, 9101.0]",0.0,0.0,0.0,0.0,0.00045116174148432213,9101.0,235.00000000000003,8866.0
359,"[534.0, 9101.0, 235.00000000000003, 561.0]","[9101.0, 561.0, 534.0, 235.00000000000003]","[235.00000000000003, 534.0, 561.0, 9101.0]",0.0,0.0,0.0,0.0,0.00045116174148432213,9101.0,235.00000000000003,8866.0
360,"[9101.0, 235.00000000000003, 561.0, 353.0]","[9101.0, 561.0, 353.0, 235.00000000000003]","[235.00000000000003, 353.0, 561.0, 9101.0]",0.0,0.0,0.0,0.0,0.00045116174148432213,9101.0,235.00000000000003,8866.0
361,"[235.00000000000003, 561.0, 353.0, 5999.0]","[5999.0, 561.0, 353.0, 235.00000000000003]","[235.00000000000003, 353.0, 561.0, 5999.0]",0.0,0.0,0.0,0.0,0.0006939625260235947,5999.0,235.00000000000003,5764.0
362,"[561.0, 353.0, 5999.0, 216.0]","[5999.0, 561.0, 353.0, 216.0]","[216.0, 353.0, 561.0, 5999.0]",0.0,0.0,0.0,0.0,0.0006916825177243646,5999.0,216.0,5783.0
363,"[353.0, 5999.0, 216.0, 7189.0]","[7189.0, 5999.0, 353.0, 216.0]","[216.0, 353.0, 5999.0, 7189.0]",0.0,0.0,0.0,0.0,0.000573641187437258,7189.0,216.0,6973.0
364,"[5999.0, 216.0, 7189.0, 48749.0]","[48749.0, 7189.0, 5999.0, 216.0]","[216.0, 5999.0, 7189.0, 48749.0]",0.0,0.0,0.0,0.0,8.241814847629447e-05,48749.0,216.0,48533.0
365,"[216.0, 7189.0, 48749.0, 7145.0]","[48749.0, 7189.0, 7145.0, 216.0]","[216.0, 7145.0, 7189.0, 48749.0]",0.0,0.0,0.0,0.0,8.241814847629447e-05,48749.0,216.0,48533.0
366,"[7189.0, 48749.0, 7145.0, 572.0]","[48749.0, 7189.0, 7145.0, 572.0]","[572.0, 7145.0, 7189.0, 48749.0]",0.0,0.0,0.0,0.0,8.302717064159247e-05,48749.0,572.0,48177.0
367,"[48749.0, 7145.0, 572.0, 6917.0]","[48749.0, 7145.0, 6917.0, 572.0]","[572.0, 6917.0, 7145.0, 48749.0]",0.0,0.0,0.0,0.0,8.302717064159247e-05,48749.0,572.0,48177.0
368,"[7145.0, 572.0, 6917.0, 4289.0]","[7145.0, 6917.0, 4289.0, 572.0]","[572.0, 4289.0, 6917.0, 7145.0]",0.0,0.0,0.0,0.0,0.0006085501293169025,7145.0,572.0,6573.0
369,"[572.0, 6917.0, 4289.0, 5922.0]","[6917.0, 5922.0, 4289.0, 572.0]","[572.0, 4289.0, 5922.0, 6917.0]",0.0,0.0,0.0,0.0,0.0006304176516942475,6917.0,572.0,6345.0
370,"[6917.0, 4289.0, 5922.0, 408.0]","[6917.0, 5922.0, 4289.0, 408.0]","[408.0, 4289.0, 5922.0, 6917.0]",0.0,0.0,0.0,0.0,0.0006145337225380243,6917.0,408.0,6509.0
371,"[4289.0, 5922.0, 408.0, 1237.0]","[5922.0, 4289.0, 1237.0, 408.0]","[408.0, 1237.0, 4289.0, 5922.0]",0.0,0.0,0.0,0.0,0.0007254261878853826,5922.0,408.0,5514.0
372,"[5922.0, 408.0, 1237.0, 4319.0]","[5922.0, 4319.0, 1237.0, 408.0]","[408.0, 1237.0, 4319.0, 5922.0]",0.0,0.0,0.0,0.0,0.0007254261878853826,5922.0,408.0,5514.0
373,"[408.0, 1237.0, 4319.0, 7183.0]","[7183.0, 4319.0, 1237.0, 408.0]","[408.0, 1237.0, 4319.0, 7183.0]",0.0,0.0,0.0,0.0,0.0005904059040590406,7183.0,408.0,6775.0
374,"[1237.0, 4319.0, 7183.0, 969.0000000000001]","[7183.0, 4319.0, 1237.0, 969.0000000000001]","[969.0000000000001, 1237.0, 4319.0, 7183.0]",0.0,0.0,0.0,0.0,0.000643707756678468,7183.0,969.0000000000001,6214.0
375,"[4319.0, 7183.0, 969.0000000000001, 52470.0]","[52470.0, 7183.0, 4319.0, 969.0000000000001]","[969.0000000000001, 4319.0, 7183.0, 52470.0]",0.0,0.0,0.0,0.0,7.766839478845071e-05,52470.0,969.0000000000001,51501.0
376,"[7183.0, 969.0000000000001, 52470.0, 1762.0]","[52470.0, 7183.0, 1762.0, 969.0000000000001]","[969.0000000000001, 1762.0, 7183.0, 52470.0]",0.0,0.0,0.0,0.0,7.766839478845071e-05,52470.0,969.0000000000001,51501.0
377,"[969.0000000000001, 52470.0, 1762.0, 2122.0]","[52470.0, 2122.0, 1762.0, 969.0000000000001]","[969.0000000000001, 1762.0, 2122.0, 52470.0]",0.0,0.0,0.0,0.0,7.766839478845071e-05,52470.0,969.0000000000001,51501.0
378,"[52470.0, 1762.0, 2122.0, 185.0]","[52470.0, 2122.0, 1762.0, 185.0]","[185.0, 1762.0, 2122.0, 52470.0]",0.0,0.0,0.0,0.0,7.650377737400784e-05,52470.0,185.0,52285.0
379,"[1762.0, 2122.0, 185.0, 2199.0]","[2199.0, 2122.0, 1762.0, 185.0]","[185.0, 1762.0, 2122.0, 2199.0]",0.0,0.0,0.0,0.0,0.0019860973187686196,2199.0,185.0,2014.0
380,"[2122.0, 185.0, 2199.0, 3.0]","[2199.0, 2122.0, 185.0, 3.0]","[3.0, 185.0, 2122.0, 2199.0]",0.0,0.0004553734061930783,0.0004553734061930783,0.0004553734061930783,0.001366120218579235,2199.0,3.0,2196.0
381,"[185.0, 2199.0, 3.0, 12.0]","[2199.0, 185.0, 12.0, 3.0]","[3.0, 12.0, 185.0, 2199.0]",0.0,0.0004553734061930783,0.0004553734061930783,0.0009107468123861566,0.0009107468123861566,2199.0,3.0,2196.0
382,"[2199.0, 3.0, 12.0, 94.0]","[2199.0, 94.0, 12.0, 3.0]","[3.0, 12.0, 94.0, 2199.0]",0.0,0.0004553734061930783,0.0004553734061930783,0.0009107468123861566,0.0004553734061930783,2199.0,3.0,2196.0
383,"[3.0, 12.0, 94.0, 1780.0]","[1780.0, 94.0, 12.0, 3.0]","[3.0, 12.0, 94.0, 1780.0]",0.0,0.0005627462014631402,0.0005627462014631402,0.0011254924029262803,0.0005627462014631402,1780.0,3.0,1777.0
384,"[12.0, 94.0, 1780.0, 1221.0]","[1780.0, 1221.0, 94.0, 12.0]","[12.0, 94.0, 1221.0, 1780.0]",0.0,0.0,0.0,0.0005656108597285068,0.0011312217194570137,1780.0,12.0,1768.0
385,"[94.0, 1780.0, 1221.0, 3227.0]","[3227.0, 1780.0, 1221.0, 94.0]","[94.0, 1221.0, 1780.0, 3227.0]",0.0,0.0,0.0,0.0,0.000957548675390999,3227.0,94.0,3133.0
386,"[1780.0, 1221.0, 3227.0, 4804.0]","[4804.0, 3227.0, 1780.0, 1221.0]","[1221.0, 1780.0, 3227.0, 4804.0]",0.0,0.0,0.0,0.0,0.0011163829193413341,4804.0,1221.0,3583.0
387,"[1221.0, 3227.0, 4804.0, 1927.0000000000002]","[4804.0, 3227.0, 1927.0000000000002, 1221.0]","[1221.0, 1927.0000000000002, 3227.0, 4804.0]",0.0,0.0,0.0,0.0,0.0011163829193413341,4804.0,1221.0,3583.0
388,"[3227.0, 4804.0, 1927.0000000000002, 1778.0]","[4804.0, 3227.0, 1927.0000000000002, 1778.0]","[1778.0, 1927.0000000000002, 3227.0, 4804.0]",0.0,0.0,0.0,0.0,0.0013218770654329147,4804.0,1778.0,3026.0
389,"[4804.0, 1927.0000000000002, 1778.0, 990.0000000000001]","[4804.0, 1927.0000000000002, 1778.0, 990.0000000000001]","[990.0000000000001, 1778.0, 1927.0000000000002, 4804.0]",0.0,0.0,0.0,0.0,0.001048767697954903,4804.0,990.0000000000001,3814.0
390,"[1927.0000000000002, 1778.0, 990.0000000000001, 374.0]","[1927.0000000000002, 1778.0, 990.0000000000001, 374.0]","[374.0, 990.0000000000001, 1778.0, 1927.0000000000002]",0.0,0.0,0.0,0.0,0.0025756600128782996,1927.0000000000002,374.0,1553.0000000000002
391,"[1778.0, 990.0000000000001, 374.0, 1730.0]","[1778.0, 1730.0, 990.0000000000001, 374.0]","[374.0, 990.0000000000001, 1730.0, 1778.0]",0.0,0.0,0.0,0.0,0.002849002849002849,1778.0,374.0,1404.0
392,"[990.0000000000001, 374.0, 1730.0, 1662.0]","[1730.0, 1662.0, 990.0000000000001, 374.0]","[374.0, 990.0000000000001, 1662.0, 1730.0]",0.0,0.0,0.0,0.0,0.0029498525073746312,1730.0,374.0,1356.0
393,"[374.0, 1730.0, 1662.0, 59810.00000000001]","[59810.00000000001, 1730.0, 1662.0, 374.0]","[374.0, 1662.0, 1730.0, 59810.00000000001]",0.0,0.0,0.0,0.0,6.729927989770509e-05,59810.00000000001,374.0,59436.00000000001
394,"[1730.0, 1662.0, 59810.00000000001, 680.0]","[59810.00000000001, 1730.0, 1662.0, 680.0]","[680.0, 1662.0, 1730.0, 59810.00000000001]",0.0,0.0,0.0,0.0,6.764755623203111e-05,59810.00000000001,680.0,59130.00000000001
395,"[1662.0, 59810.00000000001, 680.0, 1302.0]","[59810.00000000001, 1662.0, 1302.0, 680.0]","[680.0, 1302.0, 1662.0, 59810.00000000001]",0.0,0.0,0.0,0.0,6.764755623203111e-05,59810.00000000001,680.0,59130.00000000001
396,"[59810.00000000001, 680.0, 1302.0, 2121.0]","[59810.00000000001, 2121.0, 1302.0, 680.0]","[680.0, 1302.0, 2121.0, 59810.00000000001]",0.0,0.0,0.0,0.0,6.764755623203111e-05,59810.00000000001,680.0,59130.00000000001
397,"[680.0, 1302.0, 2121.0, 6535.0]","[6535.0, 2121.0, 1302.0, 680.0]","[680.0, 1302.0, 2121.0, 6535.0]",0.0,0.0,0.0,0.0,0.0006831767719897524,6535.0,680.0,5855.0
398,"[1302.0, 2121.0, 6535.0, 1608.0]","[6535.0, 2121.0, 1608.0, 1302.0]","[1302.0, 1608.0, 2121.0, 6535.0]",0.0,0.0,0.0,0.0,0.0007643798968087139,6535.0,1302.0,5233.0
399,"[2121.0, 6535.0, 1608.0, 6228.0]","[6535.0, 6228.0, 2121.0, 1608.0]","[1608.0, 2121.0, 6228.0, 6535.0]",0.0,0.0,0.0,0.0,0.0008118530545971179,6535.0,1608.0,4927.0
400,"[6535.0, 1608.0, 6228.0, 1641.0]","[6535.0, 6228.0, 1641.0, 1608.0]","[1608.0, 1641.0, 6228.0, 6535.0]",0.0,0.0,0.0,0.0,0.0008118530545971179,6535.0,1608.0,4927.0
401,"[1608.0, 6228.0, 1641.0, 1670.0]","[6228.0, 1670.0, 1641.0, 1608.0]","[1608.0, 1641.0, 1670.0, 6228.0]",0.0,0.0,0.0,0.0,0.0008658008658008658,6228.0,1608.0,4620.0
402,"[6228.0, 1641.0, 1670.0, 2406.0]","[6228.0, 2406.0, 1670.0, 1641.0]","[1641.0, 1670.0, 2406.0, 6228.0]",0.0,0.0,0.0,0.0,0.0008720296490080662,6228.0,1641.0,4587.0
403,"[1641.0, 1670.0, 2406.0, 2465.0]","[2465.0, 2406.0, 1670.0, 1641.0]","[1641.0, 1670.0, 2406.0, 2465.0]",0.0,0.0,0.0,0.0,0.0048543689320388345,2465.0,1641.0,824.0
404,"[1670.0, 2406.0, 2465.0, 4430.0]","[4430.0, 2465.0, 2406.0, 1670.0]","[1670.0, 2406.0, 2465.0, 4430.0]",0.0,0.0,0.0,0.0,0.0014492753623188406,4430.0,1670.0,2760.0
405,"[2406.0, 2465.0, 4430.0, 2786.0]","[4430.0, 2786.0, 2465.0, 2406.0]","[2406.0, 2465.0, 2786.0, 4430.0]",0.0,0.0,0.0,0.0,0.001976284584980237,4430.0,2406.0,2024.0
406,"[2465.0, 4430.0, 2786.0, 361.0]","[4430.0, 2786.0, 2465.0, 361.0]","[361.0, 2465.0, 2786.0, 4430.0]",0.0,0.0,0.0,0.0,0.0009830425165888424,4430.0,361.0,4069.0
407,"[4430.0, 2786.0, 361.0, 47787.0]","[47787.0, 4430.0, 2786.0, 361.0]","[361.0, 2786.0, 4430.0, 47787.0]",0.0,0.0,0.0,0.0,8.434192215240585e-05,47787.0,361.0,47426.0
408,"[2786.0, 361.0, 47787.0, 2707.0]","[47787.0, 2786.0, 2707.0, 361.0]","[361.0, 2707.0, 2786.0, 47787.0]",0.0,0.0,0.0,0.0,8.434192215240585e-05,47787.0,361.0,47426.0
409,"[361.0, 47787.0, 2707.0, 505.00000000000006]","[47787.0, 2707.0, 505.00000000000006, 361.0]","[361.0, 505.00000000000006, 2707.0, 47787.0]",0.0,0.0,0.0,0.0,8.434192215240585e-05,47787.0,361.0,47426.0
410,"[47787.0, 2707.0, 505.00000000000006, 1820.0]","[47787.0, 2707.0, 1820.0, 505.00000000000006]","[505.00000000000006, 1820.0, 2707.0, 47787.0]",0.0,0.0,0.0,0.0,8.459879023729961e-05,47787.0,505.00000000000006,47282.0
411,"[2707.0, 505.00000000000006, 1820.0, 3850.0000000000005]","[3850.0000000000005, 2707.0, 1820.0, 505.00000000000006]","[505.00000000000006, 1820.0, 2707.0, 3850.0000000000005]",0.0,0.0,0.0,0.0,0.0011958146487294468,3850.0000000000005,505.00000000000006,3345.0000000000005
412,"[505.00000000000006, 1820.0, 3850.0000000000005, 153.0]","[3850.0000000000005, 1820.0, 505.00000000000006, 153.0]","[153.0, 505.00000000000006, 1820.0, 3850.0000000000005]",0.0,0.0,0.0,0.0,0.0010819583446037325,3850.0000000000005,153.0,3697.0000000000005
413,"[1820.0, 3850.0000000000005, 153.0, 1115.0]","[3850.0000000000005, 1820.0, 1115.0, 153.0]","[153.0, 1115.0, 1820.0, 3850.0000000000005]",0.0,0.0,0.0,0.0,0.0010819583446037325,3850.0000000000005,153.0,3697.0000000000005
414,"[3850.0000000000005, 153.0, 1115.0, 5661.0]","[5661.0, 3850.0000000000005, 1115.0, 153.0]","[153.0, 1115.0, 3850.0000000000005, 5661.0]",0.0,0.0,0.0,0.0,0.0007262164124909223,5661.0,153.0,5508.0
415,"[153.0, 1115.0, 5661.0, 5725.0]","[5725.0, 5661.0, 1115.0, 153.0]","[153.0, 1115.0, 5661.0, 5725.0]",0.0,0.0,0.0,0.0,0.0007178750897343862,5725.0,153.0,5572.0
416,"[1115.0, 5661.0, 5725.0, 1164.0]","[5725.0, 5661.0, 1164.0, 1115.0]","[1115.0, 1164.0, 5661.0, 5725.0]",0.0,0.0,0.0,0.0,0.0008676789587852494,5725.0,1115.0,4610.0
417,"[5661.0, 5725.0, 1164.0, 872.0]","[5725.0, 5661.0, 1164.0, 872.0]","[872.0, 1164.0, 5661.0, 5725.0]",0.0,0.0,0.0,0.0,0.00082423243354626,5725.0,872.0,4853.0
418,"[5725.0, 1164.0, 872.0, 1923.0000000000002]","[5725.0, 1923.0000000000002, 1164.0, 872.0]","[872.0, 1164.0, 1923.0000000000002, 5725.0]",0.0,0.0,0.0,0.0,0.00082423243354626,5725.0,872.0,4853.0
419,"[1164.0, 872.0, 1923.0000000000002, 280.0]","[1923.0000000000002, 1164.0, 872.0, 280.0]","[280.0, 872.0, 1164.0, 1923.0000000000002]",0.0,0.0,0.0,0.0,0.0024345709068776624,1923.0000000000002,280.0,1643.0000000000002
420,"[872.0, 1923.0000000000002, 280.0, 599.0]","[1923.0000000000002, 872.0, 599.0, 280.0]","[280.0, 599.0, 872.0, 1923.0000000000002]",0.0,0.0,0.0,0.0,0.0024345709068776624,1923.0000000000002,280.0,1643.0000000000002
421,"[1923.0000000000002, 280.0, 599.0, 449.0]","[1923.0000000000002, 599.0, 449.0, 280.0]","[280.0, 449.0, 599.0, 1923.0000000000002]",0.0,0.0,0.0,0.0,0.0024345709068776624,1923.0000000000002,280.0,1643.0000000000002
422,"[280.0, 599.0, 449.0, 1313.0]","[1313.0, 599.0, 449.0, 280.0]","[280.0, 449.0, 599.0, 1313.0]",0.0,0.0,0.0,0.0,0.003872216844143272,1313.0,280.0,1033.0
423,"[599.0, 449.0, 1313.0, 172.0]","[1313.0, 599.0, 449.0, 172.0]","[172.0, 449.0, 599.0, 1313.0]",0.0,0.0,0.0,0.0,0.0035056967572304996,1313.0,172.0,1141.0
424,"[449.0, 1313.0, 172.0, 895.0]","[1313.0, 895.0, 449.0, 172.0]","[172.0, 449.0, 895.0, 1313.0]",0.0,0.0,0.0,0.0,0.0035056967572304996,1313.0,172.0,1141.0
425,"[1313.0, 172.0, 895.0, 3479.0]","[3479.0, 1313.0, 895.0, 172.0]","[172.0, 895.0, 1313.0, 3479.0]",0.0,0.0,0.0,0.0,0.0012095554883580285,3479.0,172.0,3307.0
426,"[172.0, 895.0, 3479.0, 550.0]","[3479.0, 895.0, 550.0, 172.0]","[172.0, 550.0, 895.0, 3479.0]",0.0,0.0,0.0,0.0,0.0012095554883580285,3479.0,172.0,3307.0
427,"[895.0, 3479.0, 550.0, 387.0]","[3479.0, 895.0, 550.0, 387.0]","[387.0, 550.0, 895.0, 3479.0]",0.0,0.0,0.0,0.0,0.00129366106080207,3479.0,387.0,3092.0
428,"[3479.0, 550.0, 387.0, 1912.0000000000002]","[3479.0, 1912.0000000000002, 550.0, 387.0]","[387.0, 550.0, 1912.0000000000002, 3479.0]",0.0,0.0,0.0,0.0,0.00129366106080207,3479.0,387.0,3092.0
429,"[550.0, 387.0, 1912.0000000000002, 2915.0]","[2915.0, 1912.0000000000002, 550.0, 387.0]","[387.0, 550.0, 1912.0000000000002, 2915.0]",0.0,0.0,0.0,0.0,0.0015822784810126582,2915.0,387.0,2528.0
430,"[387.0, 1912.0000000000002, 2915.0, 49896.0]","[49896.0, 2915.0, 1912.0000000000002, 387.0]","[387.0, 1912.0000000000002, 2915.0, 49896.0]",0.0,0.0,0.0,0.0,8.079339110060796e-05,49896.0,387.0,49509.0
431,"[1912.0000000000002, 2915.0, 49896.0, 2789.0]","[49896.0, 2915.0, 2789.0, 1912.0000000000002]","[1912.0000000000002, 2789.0, 2915.0, 49896.0]",0.0,0.0,0.0,0.0,8.336112037345781e-05,49896.0,1912.0000000000002,47984.0
432,"[2915.0, 49896.0, 2789.0, 1164.0]","[49896.0, 2915.0, 2789.0, 1164.0]","[1164.0, 2789.0, 2915.0, 49896.0]",0.0,0.0,0.0,0.0,8.208158909956496e-05,49896.0,1164.0,48732.0
433,"[49896.0, 2789.0, 1164.0, 1750.0]","[49896.0, 2789.0, 1750.0, 1164.0]","[1164.0, 1750.0, 2789.0, 49896.0]",0.0,0.0,0.0,0.0,8.208158909956496e-05,49896.0,1164.0,48732.0
434,"[2789.0, 1164.0, 1750.0, 6988.0]","[6988.0, 2789.0, 1750.0, 1164.0]","[1164.0, 1750.0, 2789.0, 6988.0]",0.0,0.0,0.0,0.0,0.0006868131868131869,6988.0,1164.0,5824.0
435,"[1164.0, 1750.0, 6988.0, 649.0]","[6988.0, 1750.0, 1164.0, 649.0]","[649.0, 1164.0, 1750.0, 6988.0]",0.0,0.0,0.0,0.0,0.0006310143555765894,6988.0,649.0,6339.0
436,"[1750.0, 6988.0, 649.0, 3148.0]","[6988.0, 3148.0, 1750.0, 649.0]","[649.0, 1750.0, 3148.0, 6988.0]",0.0,0.0,0.0,0.0,0.0006310143555765894,6988.0,649.0,6339.0
437,"[6988.0, 649.0, 3148.0, 1934.0000000000002]","[6988.0, 3148.0, 1934.0000000000002, 649.0]","[649.0, 1934.0000000000002, 3148.0, 6988.0]",0.0,0.0,0.0,0.0,0.0006310143555765894,6988.0,649.0,6339.0
438,"[649.0, 3148.0, 1934.0000000000002, 4464.0]","[4464.0, 3148.0, 1934.0000000000002, 649.0]","[649.0, 1934.0000000000002, 3148.0, 4464.0]",0.0,0.0,0.0,0.0,0.0010484927916120576,4464.0,649.0,3815.0
439,"[3148.0, 1934.0000000000002, 4464.0, 2037.0000000000002]","[4464.0, 3148.0, 2037.0000000000002, 1934.0000000000002]","[1934.0000000000002, 2037.0000000000002, 3148.0, 4464.0]",0.0,0.0,0.0,0.0,0.0015810276679841897,4464.0,1934.0000000000002,2530.0
440,"[1934.0000000000002, 4464.0, 2037.0000000000002, 4985.0]","[4985.0, 4464.0, 2037.0000000000002, 1934.0000000000002]","[1934.0000000000002, 2037.0000000000002, 4464.0, 4985.0]",0.0,0.0,0.0,0.0,0.0013110455588331695,4985.0,1934.0000000000002,3051.0
441,"[4464.0, 2037.0000000000002, 4985.0, 3948.0000000000005]","[4985.0, 4464.0, 3948.0000000000005, 2037.0000000000002]","[2037.0000000000002, 3948.0000000000005, 4464.0, 4985.0]",0.0,0.0,0.0,0.0,0.0013568521031207597,4985.0,2037.0000000000002,2948.0
442,"[2037.0000000000002, 4985.0, 3948.0000000000005, 1186.0]","[4985.0, 3948.0000000000005, 2037.0000000000002, 1186.0]","[1186.0, 2037.0000000000002, 3948.0000000000005, 4985.0]",0.0,0.0,0.0,0.0,0.0010529086601737299,4985.0,1186.0,3799.0
443,"[4985.0, 3948.0000000000005, 1186.0, 1244.0]","[4985.0, 3948.0000000000005, 1244.0, 1186.0]","[1186.0, 1244.0, 3948.0000000000005, 4985.0]",0.0,0.0,0.0,0.0,0.0010529086601737299,4985.0,1186.0,3799.0
444,"[3948.0000000000005, 1186.0, 1244.0, 48559.0]","[48559.0, 3948.0000000000005, 1244.0, 1186.0]","[1186.0, 1244.0, 3948.0000000000005, 48559.0]",0.0,0.0,0.0,0.0,8.443628227049162e-05,48559.0,1186.0,47373.0
445,"[1186.0, 1244.0, 48559.0, 2588.0]","[48559.0, 2588.0, 1244.0, 1186.0]","[1186.0, 1244.0, 2588.0, 48559.0]",0.0,0.0,0.0,0.0,8.443628227049162e-05,48559.0,1186.0,47373.0
446,"[1244.0, 48559.0, 2588.0, 5298.0]","[48559.0, 5298.0, 2588.0, 1244.0]","[1244.0, 2588.0, 5298.0, 48559.0]",0.0,0.0,0.0,0.0,8.453978653703899e-05,48559.0,1244.0,47315.0
447,"[48559.0, 2588.0, 5298.0, 3635.0]","[48559.0, 5298.0, 3635.0, 2588.0]","[2588.0, 3635.0, 5298.0, 48559.0]",0.0,0.0,0.0,0.0,8.701137673750843e-05,48559.0,2588.0,45971.0
448,"[2588.0, 5298.0, 3635.0, 3244.0]","[5298.0, 3635.0, 3244.0, 2588.0]","[2588.0, 3244.0, 3635.0, 5298.0]",0.0,0.0,0.0,0.0,0.0014760147601476014,5298.0,2588.0,2710.0
449,"[5298.0, 3635.0, 3244.0, 756.0]","[5298.0, 3635.0, 3244.0, 756.0]","[756.0, 3244.0, 3635.0, 5298.0]",0.0,0.0,0.0,0.0,0.0008806693086745927,5298.0,756.0,4542.0
450,"[3635.0, 3244.0, 756.0, 2127.0]","[3635.0, 3244.0, 2127.0, 756.0]","[756.0, 2127.0, 3244.0, 3635.0]",0.0,0.0,0.0,0.0,0.0013893713094824591,3635.0,756.0,2879.0
451,"[3244.0, 756.0, 2127.0, 1162.0]","[3244.0, 2127.0, 1162.0, 756.0]","[756.0, 1162.0, 2127.0, 3244.0]",0.0,0.0,0.0,0.0,0.001607717041800643,3244.0,756.0,2488.0
452,"[756.0, 2127.0, 1162.0, 832.0]","[2127.0, 1162.0, 832.0, 756.0]","[756.0, 832.0, 1162.0, 2127.0]",0.0,0.0,0.0,0.0,0.0029175784099197666,2127.0,756.0,1371.0
453,"[2127.0, 1162.0, 832.0, 9569.0]","[9569.0, 2127.0, 1162.0, 832.0]","[832.0, 1162.0, 2127.0, 9569.0]",0.0,0.0,0.0,0.0,0.0004578230513906375,9569.0,832.0,8737.0
454,"[1162.0, 832.0, 9569.0, 2433.0]","[9569.0, 2433.0, 1162.0, 832.0]","[832.0, 1162.0, 2433.0, 9569.0]",0.0,0.0,0.0,0.0,0.0004578230513906375,9569.0,832.0,8737.0
455,"[832.0, 9569.0, 2433.0, 2270.0]","[9569.0, 2433.0, 2270.0, 832.0]","[832.0, 2270.0, 2433.0, 9569.0]",0.0,0.0,0.0,0.0,0.0004578230513906375,9569.0,832.0,8737.0
456,"[9569.0, 2433.0, 2270.0, 2870.0]","[9569.0, 2870.0, 2433.0, 2270.0]","[2270.0, 2433.0, 2870.0, 9569.0]",0.0,0.0,0.0,0.0,0.0005480202767502398,9569.0,2270.0,7299.0
457,"[2433.0, 2270.0, 2870.0, 11.0]","[2870.0, 2433.0, 2270.0, 11.0]","[11.0, 2270.0, 2433.0, 2870.0]",0.0,0.0,0.0,0.0003497726477789437,0.001049317943336831,2870.0,11.0,2859.0
458,"[2270.0, 2870.0, 11.0, 50199.0]","[50199.0, 2870.0, 2270.0, 11.0]","[11.0, 2270.0, 2870.0, 50199.0]",0.0,0.0,0.0,1.992508169283494e-05,5.977524507850482e-05,50199.0,11.0,50188.0
459,"[2870.0, 11.0, 50199.0, 672.0]","[50199.0, 2870.0, 672.0, 11.0]","[11.0, 672.0, 2870.0, 50199.0]",0.0,0.0,0.0,1.992508169283494e-05,5.977524507850482e-05,50199.0,11.0,50188.0
460,"[11.0, 50199.0, 672.0, 798.0]","[50199.0, 798.0, 672.0, 11.0]","[11.0, 672.0, 798.0, 50199.0]",0.0,0.0,0.0,1.992508169283494e-05,5.977524507850482e-05,50199.0,11.0,50188.0
461,"[50199.0, 672.0, 798.0, 563.0]","[50199.0, 798.0, 672.0, 563.0]","[563.0, 672.0, 798.0, 50199.0]",0.0,0.0,0.0,0.0,8.058667096462245e-05,50199.0,563.0,49636.0
462,"[672.0, 798.0, 563.0, 3290.0]","[3290.0, 798.0, 672.0, 563.0]","[563.0, 672.0, 798.0, 3290.0]",0.0,0.0,0.0,0.0,0.0014668133480014668,3290.0,563.0,2727.0
463,"[798.0, 563.0, 3290.0, 3985.0000000000005]","[3985.0000000000005, 3290.0, 798.0, 563.0]","[563.0, 798.0, 3290.0, 3985.0000000000005]",0.0,0.0,0.0,0.0,0.0011689070718877848,3985.0000000000005,563.0,3422.0000000000005
464,"[563.0, 3290.0, 3985.0000000000005, 1531.0]","[3985.0000000000005, 3290.0, 1531.0, 563.0]","[563.0, 1531.0, 3290.0, 3985.0000000000005]",0.0,0.0,0.0,0.0,0.0011689070718877848,3985.0000000000005,563.0,3422.0000000000005
465,"[3290.0, 3985.0000000000005, 1531.0, 1695.0]","[3985.0000000000005, 3290.0, 1695.0, 1531.0]","[1531.0, 1695.0, 3290.0, 3985.0000000000005]",0.0,0.0,0.0,0.0,0.0016299918500407495,3985.0000000000005,1531.0,2454.0000000000005
466,"[3985.0000000000005, 1531.0, 1695.0, 1048.0]","[3985.0000000000005, 1695.0, 1531.0, 1048.0]","[1048.0, 1531.0, 1695.0, 3985.0000000000005]",0.0,0.0,0.0,0.0,0.001361933946203609,3985.0000000000005,1048.0,2937.0000000000005
467,"[1531.0, 1695.0, 1048.0, 819.0]","[1695.0, 1531.0, 1048.0, 819.0]","[819.0, 1048.0, 1531.0, 1695.0]",0.0,0.0,0.0,0.0,0.0045662100456621,1695.0,819.0,876.0
468,"[1695.0, 1048.0, 819.0, 924.0000000000001]","[1695.0, 1048.0, 924.0000000000001, 819.0]","[819.0, 924.0000000000001, 1048.0, 1695.0]",0.0,0.0,0.0,0.0,0.0045662100456621,1695.0,819.0,876.0
469,"[1048.0, 819.0, 924.0000000000001, 1795.0]","[1795.0, 1048.0, 924.0000000000001, 819.0]","[819.0, 924.0000000000001, 1048.0, 1795.0]",0.0,0.0,0.0,0.0,0.004098360655737705,1795.0,819.0,976.0
470,"[819.0, 924.0000000000001, 1795.0, 234.00000000000003]","[1795.0, 924.0000000000001, 819.0, 234.00000000000003]","[234.00000000000003, 819.0, 924.0000000000001, 1795.0]",0.0,0.0,0.0,0.0,0.0025624599615631004,1795.0,234.00000000000003,1561.0
471,"[924.0000000000001, 1795.0, 234.00000000000003, 503.00000000000006]","[1795.0, 924.0000000000001, 503.00000000000006, 234.00000000000003]","[234.00000000000003, 503.00000000000006, 924.0000000000001, 1795.0]",0.0,0.0,0.0,0.0,0.0025624599615631004,1795.0,234.00000000000003,1561.0
472,"[1795.0, 234.00000000000003, 503.00000000000006, 552.0]","[1795.0, 552.0, 503.00000000000006, 234.00000000000003]","[234.00000000000003, 503.00000000000006, 552.0, 1795.0]",0.0,0.0,0.0,0.0,0.0025624599615631004,1795.0,234.00000000000003,1561.0
473,"[234.00000000000003, 503.00000000000006, 552.0, 2305.0]","[2305.0, 552.0, 503.00000000000006, 234.00000000000003]","[234.00000000000003, 503.00000000000006, 552.0, 2305.0]",0.0,0.0,0.0,0.0,0.001931434089811685,2305.0,234.00000000000003,2071.0
474,"[503.00000000000006, 552.0, 2305.0, 1027.0]","[2305.0, 1027.0, 552.0, 503.00000000000006]","[503.00000000000006, 552.0, 1027.0, 2305.0]",0.0,0.0,0.0,0.0,0.0022197558268590455,2305.0,503.00000000000006,1802.0
475,"[552.0, 2305.0, 1027.0, 4499.0]","[4499.0, 2305.0, 1027.0, 552.0]","[552.0, 1027.0, 2305.0, 4499.0]",0.0,0.0,0.0,0.0,0.0010134279199391944,4499.0,552.0,3947.0
476,"[2305.0, 1027.0, 4499.0, 445.0]","[4499.0, 2305.0, 1027.0, 445.0]","[445.0, 1027.0, 2305.0, 4499.0]",0.0,0.0,0.0,0.0,0.000986679822397632,4499.0,445.0,4054.0
477,"[1027.0, 4499.0, 445.0, 822.0]","[4499.0, 1027.0, 822.0, 445.0]","[445.0, 822.0, 1027.0, 4499.0]",0.0,0.0,0.0,0.0,0.000986679822397632,4499.0,445.0,4054.0
478,"[4499.0, 445.0, 822.0, 506.00000000000006]","[4499.0, 822.0, 506.00000000000006, 445.0]","[445.0, 506.00000000000006, 822.0, 4499.0]",0.0,0.0,0.0,0.0,0.000986679822397632,4499.0,445.0,4054.0
479,"[445.0, 822.0, 506.00000000000006, 2377.0]","[2377.0, 822.0, 506.00000000000006, 445.0]","[445.0, 506.00000000000006, 822.0, 2377.0]",0.0,0.0,0.0,0.0,0.002070393374741201,2377.0,445.0,1932.0
480,"[822.0, 506.00000000000006, 2377.0, 1449.0]","[2377.0, 1449.0, 822.0, 506.00000000000006]","[506.00000000000006, 822.0, 1449.0, 2377.0]",0.0,0.0,0.0,0.0,0.002137894174238375,2377.0,506.00000000000006,1871.0
481,"[506.00000000000006, 2377.0, 1449.0, 2845.0]","[2845.0, 2377.0, 1449.0, 506.00000000000006]","[506.00000000000006, 1449.0, 2377.0, 2845.0]",0.0,0.0,0.0,0.0,0.0017101325352714834,2845.0,506.00000000000006,2339.0
482,"[2377.0, 1449.0, 2845.0, 671.0]","[2845.0, 2377.0, 1449.0, 671.0]","[671.0, 1449.0, 2377.0, 2845.0]",0.0,0.0,0.0,0.0,0.0018399264029438822,2845.0,671.0,2174.0
483,"[1449.0, 2845.0, 671.0, 1445.0]","[2845.0, 1449.0, 1445.0, 671.0]","[671.0, 1445.0, 1449.0, 2845.0]",0.0,0.0,0.0,0.0,0.0018399264029438822,2845.0,671.0,2174.0
484,"[2845.0, 671.0, 1445.0, 250.00000000000003]","[2845.0, 1445.0, 671.0, 250.00000000000003]","[250.00000000000003, 671.0, 1445.0, 2845.0]",0.0,0.0,0.0,0.0,0.0015414258188824663,2845.0,250.00000000000003,2595.0
485,"[671.0, 1445.0, 250.00000000000003, 49103.0]","[49103.0, 1445.0, 671.0, 250.00000000000003]","[250.00000000000003, 671.0, 1445.0, 49103.0]",0.0,0.0,0.0,0.0,8.18782879249995e-05,49103.0,250.00000000000003,48853.0
486,"[1445.0, 250.00000000000003, 49103.0, 58.00000000000001]","[49103.0, 1445.0, 250.00000000000003, 58.00000000000001]","[58.00000000000001, 250.00000000000003, 1445.0, 49103.0]",0.0,0.0,0.0,0.0,6.11683148129269e-05,49103.0,58.00000000000001,49045.0
487,"[250.00000000000003, 49103.0, 58.00000000000001, 1350.0]","[49103.0, 1350.0, 250.00000000000003, 58.00000000000001]","[58.00000000000001, 250.00000000000003, 1350.0, 49103.0]",0.0,0.0,0.0,0.0,6.11683148129269e-05,49103.0,58.00000000000001,49045.0
488,"[49103.0, 58.00000000000001, 1350.0, 14806.000000000002]","[49103.0, 14806.000000000002, 1350.0, 58.00000000000001]","[58.00000000000001, 1350.0, 14806.000000000002, 49103.0]",0.0,0.0,0.0,0.0,6.11683148129269e-05,49103.0,58.00000000000001,49045.0
489,"[58.00000000000001, 1350.0, 14806.000000000002, 2702.0]","[14806.000000000002, 2702.0, 1350.0, 58.00000000000001]","[58.00000000000001, 1350.0, 2702.0, 14806.000000000002]",0.0,0.0,0.0,0.0,0.00020341741253051258,14806.000000000002,58.00000000000001,14748.000000000002
490,"[1350.0, 14806.000000000002, 2702.0, 2342.0]","[14806.000000000002, 2702.0, 2342.0, 1350.0]","[1350.0, 2342.0, 2702.0, 14806.000000000002]",0.0,0.0,0.0,0.0,0.00029726516052318666,14806.000000000002,1350.0,13456.000000000002
491,"[14806.000000000002, 2702.0, 2342.0, 2363.0]","[14806.000000000002, 2702.0, 2363.0, 2342.0]","[2342.0, 2363.0, 2702.0, 14806.000000000002]",0.0,0.0,0.0,0.0,0.00032092426187419767,14806.000000000002,2342.0,12464.000000000002
492,"[2702.0, 2342.0, 2363.0, 4481.0]","[4481.0, 2702.0, 2363.0, 2342.0]","[2342.0, 2363.0, 2702.0, 4481.0]",0.0,0.0,0.0,0.0,0.0018700327255726976,4481.0,2342.0,2139.0
493,"[2342.0, 2363.0, 4481.0, 1038.0]","[4481.0, 2363.0, 2342.0, 1038.0]","[1038.0, 2342.0, 2363.0, 4481.0]",0.0,0.0,0.0,0.0,0.0011617775196049957,4481.0,1038.0,3443.0
494,"[2363.0, 4481.0, 1038.0, 2539.0]","[4481.0, 2539.0, 2363.0, 1038.0]","[1038.0, 2363.0, 2539.0, 4481.0]",0.0,0.0,0.0,0.0,0.0011617775196049957,4481.0,1038.0,3443.0
495,"[-2.0, 5575.0, 770.0, 3174.0]","[5575.0, 3174.0, 770.0, -2.0]","[-2.0, 770.0, 3174.0, 5575.0]",0.00017930787161556393,0.00017930787161556393,0.00017930787161556393,0.00017930787161556393,0.0005379236148466917,5575.0,-2.0,5577.0
496,"[5575.0, 770.0, 3174.0, 206.0]","[5575.0, 3174.0, 770.0, 206.0]","[206.0, 770.0, 3174.0, 5575.0]",0.0,0.0,0.0,0.0,0.0007450176941702365,5575.0,206.0,5369.0
497,"[770.0, 3174.0, 206.0, -1.0]","[3174.0, 770.0, 206.0, -1.0]","[-1.0, 206.0, 770.0, 3174.0]",0.00031496062992125983,0.00031496062992125983,0.00031496062992125983,0.00031496062992125983,0.0009448818897637795,3174.0,-1.0,3175.0
498,"[3174.0, 206.0, -1.0, 322.0]","[3174.0, 322.0, 206.0, -1.0]","[-1.0, 206.0, 322.0, 3174.0]",0.00031496062992125983,0.00031496062992125983,0.00031496062992125983,0.00031496062992125983,0.0009448818897637795,3174.0,-1.0,3175.0
499,"[206.0, -1.0, 322.0, 398.0]","[398.0, 322.0, 206.0, -1.0]","[-1.0, 206.0, 322.0, 398.0]",0.002506265664160401,0.002506265664160401,0.002506265664160401,0.002506265664160401,0.007518796992481203,398.0,-1.0,399.0
500,"[-1.0, 322.0, 398.0, 0.0]","[398.0, 322.0, 0.0, -1.0]","[-1.0, 0.0, 322.0, 398.0]",0.005012531328320802,0.005012531328320802,0.005012531328320802,0.005012531328320802,0.005012531328320802,398.0,-1.0,399.0
501,"[322.0, 398.0, 0.0, 1557.0]","[1557.0, 398.0, 322.0, 0.0]","[0.0, 322.0, 398.0, 1557.0]",0.0006422607578676942,0.0006422607578676942,0.0006422607578676942,0.0006422607578676942,0.0019267822736030828,1557.0,0.0,1557.0
502,"[398.0, 0.0, 1557.0, nan]","[1557.0, 398.0, 0.0, nan]","[0.0, 398.0, 1557.0, nan]",0.0006422607578676942,0.0006422607578676942,0.0006422607578676942,0.0006422607578676942,0.0012845215157353885,1557.0,0.0,1557.0
503,"[0.0, 1557.0, nan, nan]","[1557.0, 0.0, nan, nan]","[0.0, 1557.0, nan, nan]",0.0006422607578676942,0.0006422607578676942,0.0006422607578676942,0.0006422607578676942,0.0006422607578676942,1557.0,0.0,1557.0
504,"[1557.0, nan, nan, 1850.0000000000002]","[1557.0, nan, nan, 1850.0000000000002]","[1557.0, nan, nan, 1850.0000000000002]",0.0,0.0,0.0,0.0,0.006825938566552896,1850.0000000000002,1557.0,293.0000000000002
505,"[nan, nan, 1850.0000000000002, nan]","[nan, nan, 1850.0000000000002, nan]","[nan, nan, 1850.0000000000002, nan]",,,,,,,,
506,"[nan, 1850.0000000000002, nan, nan]","[nan, 1850.0000000000002, nan, nan]","[nan, 1850.0000000000002, nan, nan]",,,,,,,,
507,"[1850.0000000000002, nan, nan, nan]","[1850.0000000000002, nan, nan, nan]","[1850.0000000000002, nan, nan, nan]",0.0,0.0,0.0,0.0,0.0,1850.0000000000002,1850.0000000000002,0.0
508,"[nan, nan, nan, nan]","[nan, nan, nan, nan]","[nan, nan, nan, nan]",,,,,,,,
509,"[nan, nan, nan, nan]","[nan, nan, nan, nan]","[nan, nan, nan, nan]",,,,,,,,
510,"[nan, nan, nan, nan]","[nan, nan, nan, nan]","[nan, nan, nan, nan]",,,,,,,,
511,"[nan, nan, nan, nan]","[nan, nan, nan, nan]","[nan, nan, nan, nan]",,,,,,,,
512,"[nan, nan, nan, 1235.0]","[nan, nan, nan, 1235.0]","[nan, nan, nan, 1235.0]",,,,,,,,
513,"[nan, nan, 1235.0, 922.0000000000001]","[nan, nan, 1235.0, 922.0000000000001]","[nan, nan, 922.0000000000001, 1235.0]",,,,,,,,
514,"[nan, 1235.0, 922.0000000000001, 814.0]","[nan, 1235.0, 922.0000000000001, 814.0]","[nan, 814.0, 922.0000000000001, 1235.0]",,,,,,,,
515,"[1235.0, 922.0000000000001, 814.0, 692.0]","[1235.0, 922.0000000000001, 814.0, 692.0]","[692.0, 814.0, 922.0000000000001, 1235.0]",0.0,0.0,0.0,0.0,0.007366482504604052,1235.0,692.0,543.0
516,"[922.0000000000001, 814.0, 692.0, 7350.000000000001]","[7350.000000000001, 922.0000000000001, 814.0, 692.0]","[692.0, 814.0, 922.0000000000001, 7350.000000000001]",0.0,0.0,0.0,0.0,0.0006007810153199158,7350.000000000001,692.0,6658.000000000001
517,"[814.0, 692.0, 7350.000000000001, 0.0]","[7350.000000000001, 814.0, 692.0, 0.0]","[0.0, 692.0, 814.0, 7350.000000000001]",0.00013605442176870748,0.00013605442176870748,0.00013605442176870748,0.00013605442176870748,0.0004081632653061224,7350.000000000001,0.0,7350.000000000001
518,"[692.0, 7350.000000000001, 0.0, 2228.0]","[7350.000000000001, 2228.0, 692.0, 0.0]","[0.0, 692.0, 2228.0, 7350.000000000001]",0.00013605442176870748,0.00013605442176870748,0.00013605442176870748,0.00013605442176870748,0.0004081632653061224,7350.000000000001,0.0,7350.000000000001
519,"[7350.000000000001, 0.0, 2228.0, 755.0]","[7350.000000000001, 2228.0, 755.0, 0.0]","[0.0, 755.0, 2228.0, 7350.000000000001]",0.00013605442176870748,0.00013605442176870748,0.00013605442176870748,0.00013605442176870748,0.0004081632653061224,7350.000000000001,0.0,7350.000000000001
520,"[0.0, 2228.0, 755.0, 4277.0]","[4277.0, 2228.0, 755.0, 0.0]","[0.0, 755.0, 2228.0, 4277.0]",0.00023380874444704232,0.00023380874444704232,0.00023380874444704232,0.00023380874444704232,0.0007014262333411269,4277.0,0.0,4277.0
521,"[2228.0, 755.0, 4277.0, 1351.0]","[4277.0, 2228.0, 1351.0, 755.0]","[755.0, 1351.0, 2228.0, 4277.0]",0.0,0.0,0.0,0.0,0.001135718341851221,4277.0,755.0,3522.0
